Address,Score,Allocation
0x00000081c22fe36e0b47a4f1c67041301f945014,0.0000057935,52.14156510621054
0x00248c162125435c1e2ee5a0d8cb1e5688eb75c1,0.0000001544,1.3896391216552286
0x002a417eb2874c2fbcf52e5fdc4633b5df92b012,0.0025251014,22725.91290656402
0x009ec7d76febecabd5c73cb13f6d0fb83e45d450,0.0000225339,202.80490840902775
0x00ae252041cc9320e882b6d8e086f723a1a70a45,0.0000028991,26.091901534962698
0x00e286b5256aa6cf252d5a8a5a7b8c20ec3bc4d5,0.0058721730,52849.55723402485
0x011ebe45c131e87e187d185b842facad9e8e9dd9,0.0000014496,13.045950767481349
0x0154d25120ed20a516fe43991702e7463c5a6f6e,0.0000942385,848.1462740723209
0x01ebce016681d076667bdb823ebe1f76830da6fa,0.0000040952,36.856550628355
0x01eda16f6a6c3b051ecc63b0d93c8c3a27491dc2,0.0000014668,13.201439645169938
0x01ff3a6ae27f59ac1a706568749aac2632520008,0.0000014468,13.021493556888913
0x021c1a1ce318e7b4545f6280b248062592b71706,0.0000144955,130.45950767481347
0x02352e6dcf0c77577222adee8c63d52243b5c33f,0.0001463973,1317.5757977617786
0x024f36b02608a5129c61f8df54dc7286f9113dee,0.0000026875,24.18707460826722
0x030138d2f5f2757daae2fbb8dfd18870ea908881,0.0000023658,21.29240907555692
0x0321e693bec2394c33a0b4f101d1120ad3cf1cf5,0.0000014638,13.17455545706002
0x034d7848570c537fbabe828bc62aa3040c06b278,0.0000002805,2.5243914735076407
0x038db6c62d0f072616e2b8db7d3d7cfc829f7f65,0.0005076999,4569.298877247301
0x039ec0b36450e9b2c5f59a3a6fe991469ac744f2,0.0000015945,14.350545844229483
0x03ba4b9973039d6e7fe93c34535caf4516ebaa3f,0.0000010727,9.654003567936197
0x03bbafe60bc8dbff223d27541ce9f2bd494582c3,0.0000015945,14.350545844229483
0x043bd8f57401e46a5da19545ffb50370202cc179,0.0000043200,38.88023216275388
0x044e1e9cf2067d28a8e98332fb3c4bde034b8295,0.0000032496,29.246258375610566
0x04a169be0e157973db165462b19233cae4532fb3,0.0000294356,264.9206664978036
0x04e2aecb5bc2a4eebc303afbb6a0ec8cc708648c,0.0000902920,812.6282355846506
0x05310c5594a3c961f212308317ff3a4fdd8f82af,0.0000146245,131.62059729311932
0x054cf498c73bcff0cfb94a0fcfb10356e30f71cb,0.0008823106,7940.795296479043
0x059b99abc4b93edc445af6416b985402c6ee4198,0.0000029556,26.600693614894467
0x05a1ff0a32bc24265bcb39499d0c5d9a6cb2011c,0.0000210597,189.53702072468067
0x05ac3d28434804ec02ed9472490fc42d7e9e646d,0.0000055141,49.6266092773725
0x05e09d942505764bca4475abf8efdbc21d1c535b,0.0002530519,2277.467372491292
0x05e1d03f9286e4aa9e676243619ca73cc250bcda,0.0000021338,19.203878766221063
0x05f0ba0f63b401bc9b86089265cee2f79c955768,0.0000101016,90.91476622103218
0x069ba44bfe4584ecf7e5c2346e2cbdc916bf30ac,0.0000031984,28.78601385719451
0x06a035b1321dfecdeddb940686860e05ba268dcd,0.0000157324,141.59169302912494
0x06d50814562467776af76134ad936440e6abb878,0.0044277468,39849.720886847135
0x06f90b1dca40fc0a4646c95600065ad7df48bc5f,0.0000017540,15.78560042865243
0x073449e7f3a34b9ad150f0522a47424a9def6850,0.0000018250,16.424852016259017
0x079f822b355a89e103272538ff93cbe51061186d,0.0003710848,3339.7633964752254
0x08a2615cf81852d6e31b6eeb7c3d3b613be8ab99,0.0000015351,13.816292209461462
0x08d52bdd8acbf9b45ade3d3fe4758389262cdd25,0.0007247750,6522.975383740674
0x099500598f7b16cadc124775bdd36db354ede1b7,0.0000020791,18.71162187024157
0x09988e9aeb8c0b835619305abfe2ce68fea17722,0.0002518389,2266.5504325640595
0x099f8498348792abe502ec12f6163254dbbe321e,0.0000006954,6.258526040799114
0x09a5943a6d10919571ee2c9f63380aea747eca97,0.0000072478,65.22975383740673
0x09f50d586e073974afd81f67a89d4069becd400d,0.0000026802,24.121428085091544
0x0a1a3837bea1d3c57170d3e3638a857651ce1480,0.0000033755,30.379779403464628
0x0a251df99a88a20a93876205fb7f5faf2e85a481,0.0000014568,13.110820598695527
0x0a573bc3489d3dc339643ce50767c19eeb3fed70,0.0000480798,432.71790867413836
0x0a8f3d9364ffd3478ec107472286e13a34a9d0fb,0.0000007899,7.109164337405209
0x0aafc110be60d816df9b87cc7bcf9ae7e34b2254,0.0000219732,197.75849374197378
0x0b01576e6472af5f0abc0f02bf6228f067bb23ce,0.0000017924,16.13117193917946
0x0b4b17bea9073a66648c1e86ae1a39ebad27ed28,0.0000037738,33.96380624342753
0x0b7c75a9689a84854256c7d5db7c87feb1bbbb8b,0.0000001682,1.5141905563998441
0x0bc1f938ba8bdddced576d0371a9bcc0aae243b4,0.0000012619,11.35714184023734
0x0c133df3ef597ee4af29406d82f1d9188cc9c228,0.0000008178,7.360353080799347
0x0c1e99991dd2f7d374bff13f9f52284ce6cfdae5,0.0000047048,42.34356249740969
0x0c54d54f8371017473b2d5add81908b775b5a800,0.0000015945,14.350545844229483
0x0cad1d5ea8b4eee26959cc00b4a3677f7a11e40f,0.0000025438,22.894591451010303
0x0cc79d5b54fa6b1589f1e4e780b60c6b7972ff0f,0.0000183046,164.7414813461984
0x0cf776d57e0223f47ed3a101927bb78d41ad8a13,0.0000093115,83.80350706923264
0x0d117fc5a742e1caaaea3add9faf6ec4353c65b5,0.0000014568,13.111170765536357
0x0d142ccdd22d4902b6f94cdb1b23693cdcb2f796,0.0009468855,8521.969891179693
0x0d4a841839d7fdef03a17076cafc66dca3e92b0a,0.0000951868,856.680998984657
0x0d78a4b2657dd319ae1f47ce5e529d03e984cef5,0.0000014496,13.045950767481349
0x0d9b7c19cf1a55abd4458634752751840576156c,0.0000014496,13.045950767481349
0x0db90b2604f9bb2a99f731a1b174be4f888bb0f5,0.0006526875,5874.187633097106
0x0e06325f6f13e5526cabaeb5621797dd3264cb57,0.0000004101,3.690845771124239
0x0e43b915d2d03162a36dd72031dd25ac575912d6,0.0000107280,96.55189444860962
0x0f1020dd3bf19518cb836b6107403ab19d3c4edf,0.0000028683,25.81499151874922
0x0f585d3a2f9d46433cce13e68377689a73868f75,0.0000014568,13.111069721716344
0x0f7a5ac69921e92a408d4bd03c53f56cdd503eaf,0.0000029614,26.652877417964394
0x0fb537583f29cdc2a143589845036bc16fd93096,0.0000029656,26.6903062507163
0x0fda6dc6b11c2ad70d496e9b08faee66f5de6177,0.0000019901,17.91078169309303
0x1037cdf9d316d2fd48245f0d361027e2d334aa45,0.0000001450,1.304595076748135
0x107c17e07b81bc591542a5405b9c1fdf5211cde1,0.0000092492,83.24256853965778
0x10a19e7ee7d7f8a52822f6817de8ea18204f2e4f,0.0131198778,118078.90039647368
0x1160fb1b4c936170b5f2163e03c263b5b235cbc0,0.0000060918,54.82651528579679
0x11b1785d9ac81480c03210e89f1508c8c115888e,0.0000014496,13.045950767481349
0x11ef83cc4ba994e365fd5a97af55e5c748f97e60,0.0002812172,2530.955180125174
0x121ac669e4c99ef4673b22d57431b3a521292f2c,0.0000165956,149.3604902668041
0x126ce873371c15a664306a387cc2329f67cc515b,0.0000014496,13.045950767481349
0x128e5625e15fdba91d6ccb1abdfdc62b5d152b4f,0.0000087316,78.58469918497583
0x133b86a4eb1545daddb98d4d7cecfae96fc56516,0.0000142056,127.85031752131721
0x1385c9501de747c673200151c949791270bea307,0.0000006621,5.958669504645251
0x139776871ee95f55d20b10d9ba5a0385451066cd,0.0000258331,232.49747851950178
0x13d89b34bd57f483f4023ca147d1f093436cf4f4,0.0000051938,46.74430695570023
0x1466e94cc3dcc19760bd880b77f3da194a83a5da,0.0000463532,417.17923567678525
0x146f152ea0a0c45cb7aa03cf5ccc0ede24119546,0.0000007248,6.5229753837406745
0x147c6bd2ead3e21ac4433d058ff998713e205772,0.0000119891,107.90146738060277
0x151a64570e4997739458455ba4ab5a535fd2e306,0.0000086852,78.16690023506453
0x151d3788265259f2f9f834dcc796fada5082d704,0.0000014795,13.315635687760064
0x155ccf41305f5fe3faae64ecea8a1e2cad08f085,0.0000159451,143.5054584422948
0x158275965837d6f85ac7a1758e08d2eccb64459f,0.0000013433,12.089825419486795
0x15bc24cd1f69382118cdeb0d2edb7b175759c81b,0.0000015075,13.567788798180603
0x15d17590e1275d54ef14cda79147f41a2d604395,0.0000030378,27.340607582045585
0x1625ae476db935acad8393b0cbf741188340f0d0,0.0000331197,298.07727508261337
0x16d97e9c4eee7c4d6531627cc5d1378993234014,0.0000001461,1.3151622968697947
0x17307be3589a680452543dde06d42a07ee3fa080,0.0000143404,129.06359094269297
0x17451598bf282da2367e3fd1823f871f4b42b9f9,0.0000132455,119.20914312574106
0x17d4e66760dabfb2a64f39810c43c428de256085,0.0000014516,13.064592581528503
0x17f49979b199cf519a68a13afc5ed3f4187a6f5d,0.0000017114,15.402930088237305
0x17f7b025b9abcb7b83aa9f6a2bf27840acf20563,0.0000014496,13.045950767481349
0x17fb4db24b8f1817bc33d6e167b105fd77599c28,0.0000210109,189.09789285945035
0x186e20ae3530520c9f3e6c46f2f5d1062b784761,0.0000206059,185.45330634617994
0x1878c33468c1a6eec159fabd9fd03d6b689e8bd7,0.0000050617,45.554869404394886
0x19142e3df9e34966c876024dfb9d805f4ea4a131,0.0001297556,1167.8001052414943
0x193641ea463c3b9244cf9f00b77ee5220d4154e9,0.0000059734,53.7603881334368
0x193f0ee42a199a0cecd479a9f09ba293eb1ca357,0.0000462934,416.6407850056501
0x198a123599e65140bfefa096648d968a67c3b807,0.0000082492,74.24313599290578
0x19c0bbebf716367923b359b4ce79a136e66faf79,0.0000002174,1.9568926151222021
0x19f5572ec81f6a952c235f42301ca15e6475efd4,0.0000430497,387.4476593374647
0x1a34f1bc80709798b026e9f39d09bd0ef4f733e4,0.0000006155,5.539339497602468
0x1a8d1c090903bd6492372b890d68aaf50c96137f,0.0007421696,6679.526792950451
0x1ace514d1904b274740bbfa4ba7c336e69888e47,0.0000255567,230.01002695327944
0x1ad53d65a8dd2dafe6bf797275bba4fd95900fee,0.0000004349,3.9137852302444043
0x1c1cc870115fdf86288cf38556c4da441699a0e2,0.0007247750,6522.975383740674
0x1cd7ed3a06746bec03e69574fbb3260c349bb6f1,0.0000043170,38.85276430702951
0x1d65d296b6ad7fdbf77d3c9cc44c9b2787f1a341,0.0711381069,640242.9619961646
0x1d69ddb528f05cda072db0d1f688e47ac81ea9f6,0.0002074927,1867.4344473727417
0x1d829bdbd534a70fdf27e959e790ef1d64e10ef8,0.0000240685,216.61633165916632
0x1df428833f2c9fb1ef098754e5d710432450d706,0.0000144955,130.45950767481347
0x1e955aa345db4af2c9f2187283693fff4fb541f3,0.0000013626,12.263193721432467
0x1e9c0bb00ff504e2c4ed9368656e876616e25666,0.0000434865,391.3785230244404
0x1ed8b6c98f177518507a0fba32961c45f65667ef,0.0000028991,26.091901534962698
0x1eee136ee6ff810910cda2419614ec51cb741c7b,0.0000016608,14.947199654574884
0x1f0b0136d9e89560767dd5aa79f962cfd4ad476c,0.0000002791,2.511728935208613
0x1fdf910ad3f7a9a066b512ce7c28268b6cd3b031,0.0000012967,11.670183114677496
0x2059a96525c364560a806ca035a40c9f379ebca9,0.0000014496,13.045950767481349
0x210abc3a06e51ae23c730b40e6fb36569568389d,0.0000014496,13.045950767481349
0x2187119e30603d27b59c8fda7ac1a695a669203c,0.0000027153,24.437350223290284
0x22b09db9e147f1bc4091b1010abb07ccd15d6429,0.0000006803,6.122259119065036
0x22bb259f12af6f514a6e1bb2d275425458121c7e,0.0000639252,575.3270811434659
0x22e5f823c5b9548fa524420814d81597ec47de04,0.0000192821,173.5385284980912
0x22fa8cc33a42320385cbd3690ed60a021891cb32,0.0027695835,24926.25113893042
0x231b405c333db6d81adeaadf4c6ff3940ea5db21,0.0000370937,333.8436948660018
0x236884bb674067c96fcbcc5dff728141e05be99d,0.0000055917,50.324884518337576
0x236ff34518dba76612bb571a7baa6201d02ea985,0.0000031375,28.237772444062816
0x239eec9ec218f71cef5cc14d88b142ed4ff44110,0.0004827002,4344.301605571289
0x23a1718da41a53c320cc9b0d5a2c7025b6c7e0e9,0.0000007248,6.5229753837406745
0x246149caf4243ff4c2592615053d29121ef151d0,0.0000162903,146.6130039151089
0x24d19f100ba142543a863fc2294b188e35ab55b9,0.0014495501,13045.950767481349
0x25125e438b7ae0f9ae8511d83abb0f4574217c7a,0.0000614311,552.8794628615102
0x252166a8924a1e20b0593d8ddf925f8b5092c9e5,0.0000261258,235.1319819571929
0x253e94f24084612005bea067f3bb4d8a1d89953b,0.0000080513,72.461603499558
0x25431341a5800759268a6ac1d3cd91c029d7d9ca,0.0005045469,4540.922057578522
0x26a78cd6fe2f363d138addbbed469e1b491d4a9b,0.0000001484,1.3354296802784202
0x26da2365ba9eeb887ebc7b19172592205f1091c4,0.0000003766,3.38973447636887
0x26e547a9f3fd90e49a9a85a91001ca3f7ba2c81d,0.0005798200,5218.380306992539
0x270042a7623a90e6ebe6ae6e3263d61896b46906,0.0021716761,19545.084871854426
0x2718e86f5793ac08bd3c4a301382e8c1da2a1e30,0.0000014727,13.253984614723148
0x278f468780c051736ff11cb0a2c4851c8a5e0213,0.0000001812,1.6307438459351686
0x279a7dbfae376427ffac52fcb0883147d42165ff,0.0013613587,12252.227869252734
0x27bba99469653f80efd8e3d23ba224d8db1e0851,0.0000145680,131.11178969494847
0x27c27151f9bc6330b767bab8dcada11a253ccb8c,0.0000364955,328.4594940788715
0x27cfc88640089f340aeaec182baff0ddf15b1b37,0.0000014496,13.045950767481349
0x282c23030b028c676ee0df8c21dddc727d8a17e5,0.0000028991,26.091901534962698
0x28552ea8b232fc63d6ce69692d8a723efc5d4502,0.0000014616,13.153965747047188
0x28dd6f5a98003fc07c92d1a9e909d042963a1001,0.0003218001,2896.201070380859
0x28fe46db880072e129816ee2bce5bc5a9712a058,0.0000014496,13.045950767481349
0x292973dc18d5e85e9a4e4185052cdfc73ce6086b,0.0000254431,228.98779558603871
0x29345d922285321e7452ece2ee2352dda2e837ae,0.0004868455,4381.609110981055
0x29687e2a2b38bbc1f4f9069f1f24f13a3c83d27d,0.0000070947,63.851978869653244
0x29fce0d2db8b5147d6355ac7f68089a4e6cfa986,0.0000014496,13.045950767481349
0x2a0626380bf336cd9493bfed74966d53b6b9101e,0.0000066188,59.56923712059365
0x2a87e5cbf9faf5b63a23be53d304254748b90356,0.0000028276,25.448150702287332
0x2a94d3bf4c6eba2a00c6b2726ae0edb7d8f25b3c,0.0000219140,197.22581359361416
0x2ab9c0c7ac764da93acc4e3012718104527ddb45,0.0000001450,1.304595076748135
0x2b614ecc9e91af9d056eb8acccf5d9928a7cf4f7,0.0000014496,13.045950767481349
0x2b622689ab932f5c6f5d1d3279a138401230c3bd,0.0000000841,0.7570338419433393
0x2b7773db0f40f1a8e8a93fa40ce7062361ac2006,0.0000032468,29.220807606914033
0x2cd7001f9f658ec784176bdc3289b13f138f7a52,0.0000006338,5.704168649212204
0x2cf3213bf801a183360df6931c31422b33566a58,0.0000042924,38.631761352525814
0x2d0f26ad49d8adc13efc9e44741161b9a3f03260,0.0000015162,13.64606450278549
0x2eca78074893f46136472620e2d1d64b5d877686,0.0000014496,13.045950767481349
0x2ee8670d2b936985d5fb1ee968810c155d3bb9ca,0.0000415779,374.20137452897865
0x2ef2e49695f00fa835fb851c0575822f5f076a13,0.0579820034,521838.0306992539
0x3004e7d0ba11bcd506349f1062ea57f7037f0bbd,0.0000305064,274.55724933011396
0x304038febdb021f36cd5d11f69feae36c166ff0d,0.0000016145,14.530488643165352
0x305ea6f95e1d3f2d1152bc3f6b7c412504da09ac,0.0000652304,587.0736179852812
0x308686553a1eac2fe721ac8b814de638975a276e,0.0002899100,2609.1901534962694
0x30d9ebb167706d074b0a41f4c26f69467cc88036,0.0010755516,9679.964618584963
0x31191280ce6e59287390e424cb75bd2211dc396b,0.0002906663,2615.996561535411
0x312a445f9839699e2a0bf96d0cb6c709e102dfd4,0.0000028991,26.091901534962698
0x31354228caa2851c52d995c8995126b9309943ad,0.0000171088,153.97960042798567
0x317112017fb54ec6f4dab35e09896687b029066b,0.0000121445,109.3003741863357
0x3177d6f00eac68ee58fc5415a5fa5d4eaed4c438,0.0000003258,2.932248150000487
0x31a4df7b09872935b5b9f720ce31fbb311ce4cbd,0.0000003682,3.3136714949402624
0x31ece47e8eed2594865e54e8903bcbaa508494eb,0.0000038810,34.92873001354076
0x32163ba2015326d49a1c3ba2ff75250873e711c0,0.0000131847,118.66230931365808
0x328375e18e7db8f1ca9d9ba8bf3e9c94ee34136a,0.0000121084,108.97518352139483
0x32a59b87352e980dd6ab1baf462696d28e63525d,0.0000810367,729.3302819257884
0x32ae635f5136adb181a442cc890be39263bc13c8,0.0000205341,184.80684547238343
0x33bc178904662162c3576ba9ca8ae1fe04e178f8,0.0000724775,652.2975383740674
0x33c4296e5cf9e8dde73911aeede936489798cdce,0.0000216729,195.055919640691
0x33d66941465ac776c38096cb1bc496c673ae7390,0.0000295962,266.36619434467906
0x34676ce24f37e1421a429481febe0bacb2bc12f7,0.0010307251,9276.525953709688
0x34caa93e617f2e22c15476a6369d15f4334803f5,0.0000072478,65.22975383740673
0x34cc0dcfa7c40bbca2b2b00e0e0dce1c708f76cf,0.0000016122,14.509802636108073
0x34e755e794e30960b07aeb42223a750aa56ab42f,0.0000014496,13.045950767481349
0x34fed5f05688c0296775a4111b93539d94f7f651,0.0000001955,1.7595978035430488
0x358344999ba6fd789e7f859469fb3b06035c6e8a,0.0000166675,150.0079298186341
0x35fe9f54f63c6765b16292ba9a17d6808ff6eb6c,0.0000304447,274.00206651820173
0x364f7fd945b8c76c3c77d6ac253f1fea3b65e00d,0.0000019213,17.29171846540793
0x365a0a0492c5589ec4f04a9323f483d0de6e1df7,0.0000665365,598.8288723849217
0x36c08d83428dbb17b9d1c4fe55190b89a562f37b,0.0000204196,183.77613878959647
0x36d960741d2ea0bfccfa23838828af528e38cd9a,0.0002147691,1932.9222950137407
0x36de990133d36d7e3df9a820aa3ede5a2320de71,0.0000014496,13.045950767481349
0x3720302e025cf81c8d18ae98dfa44eae665e522c,0.0000014496,13.045950767481349
0x3739c8293ab99254b873fbec1b1a8152e866d066,0.0000131939,118.74517769382555
0x37a2833f08384a2bb6cdeba419b346d6487474af,0.0000030441,27.39649661171083
0x380180f6d556cae3b3a93b51d376b8c6a164a82a,0.0000047725,42.95270888634639
0x38140e35fda3f160ddb06e0637488a3e174acbbc,0.0000039661,35.694495830842676
0x38430336153468dcf36af5cea7d6bc472425633a,0.0000014713,13.241665567882446
0x385d0d73cab95bed3b51629d4e61990ecc60bbab,0.0000028991,26.091901534962698
0x3a11f4c84688a1264690d696d8d807a25ee02dd2,0.0008697301,7827.570460488809
0x3a2f4b863be5128a8cb7be476d160375e21d1c12,0.0000035956,32.36056468630632
0x3b067af83f540cb827825a6ee5480441a4237e77,0.0000927712,834.9408491188063
0x3b2534b8ea1f9a8bf9d9915b91bae673d161f2a5,0.0000053313,47.9815836181121
0x3b2c572e43b31c6718a577835a906d7fca97fe76,0.0000085853,77.26790611313183
0x3c26d015a318e93a2d100d774e9f48eed90e7ead,0.0000129996,116.99625921371826
0x3c6cb1ba741d0d1e4454f0bcdb246f32f6e1351a,0.0000014523,13.070593002967028
0x3cbd3d635ebfc6dc3dc3e3a71e2b36123b66e891,0.0000006537,5.883723796134088
0x3cc6ce92eefb01732d88e54e7b2542e70d603aaf,0.0000038486,34.63759993034229
0x3d37cfa2e89a04b3704bd64bc2c9ab9dcd448b9a,0.0000723181,650.8624837896444
0x3d6f6268b62c401a0e417a853098d097cac78f2e,0.0000007982,7.183656807936547
0x3d7ae4a4dd7cfd5184bbc2570a05651b180b1609,0.0000921856,829.6701183857648
0x3da48c5e033edc7dbb3bcc1e68293753c1ce9cf6,0.0000003624,3.2614876918703373
0x3dc118a44e4bde24d2d62d8ead994c0acc97093f,0.0000072250,65.02473560174589
0x3e4f4dee05c6b2f42704a3a713d4ae4a084ed8ed,0.0000001508,1.3568397747663523
0x3e86eac93a2dbb4faeb8709d77d451aeda710ef9,0.0000028991,26.091901534962698
0x3ebdb522301913a5203315c8a840a9ee99ce9eee,0.0000006685,6.0162143469148
0x3f0ed57b0141c83fa6fb056ec8325df34f8ea6ea,0.0000889490,800.5409420243132
0x3f323eb3fedfb319597d5b627ecaaa65a78685ba,0.0000034794,31.314213777683104
0x3f3b9b0f14def5817a61437ccb25ccbbd4853ffd,0.0006166258,5549.632543992694
0x3f7c10cbbb1ea1046a80b738b9eaf3217410c7f6,0.0000014562,13.10607322619888
0x3fa28980fc0b62cda392863ddf916d1c342a40ae,0.0000005286,4.757539366847769
0x3faca60011c2a73d6403f019ef25d6bcaf44dc35,0.0000072478,65.22975383740673
0x3fb9be23c30f9a2b024b493654aa9c832d098383,0.0009031513,8128.361373168246
0x4026b3da349c2952255ca9db4f055ea57f4e037c,0.0001153109,1037.7981119571414
0x410dcf5bc94a68c8de5ae99c18a89a3a8946462c,0.0000020856,18.770577465355203
0x413a9c69df59288ef9a7ebe78a2033dd2f3e1af3,0.0000008962,8.066167854075275
0x415fce36e2dc12421f20b93dbad1dd68bd2f6db6,0.0000925426,832.8836030061358
0x418e763f914e5ba83ee16e1cc2dd4751ab67ecfc,0.0003710848,3339.7633964752254
0x41b3489940dea9dd1ef90f0d7aec7c8d3b512062,0.0000463840,417.45628956080884
0x4273c8cb546a6d068a3b92c020247a96518468ed,0.0000014785,13.306869782830974
0x42f3a946dc469e90e14c2f907b9d0aea35fdb9ea,0.0000044225,39.80278958870946
0x432dcbda06e8b296ca29705572d7cb6315ed8bed,0.0000294924,265.43165492528107
0x4391d8fb658405bcc381967e98a2e0593271820e,0.0000126836,114.1520692154618
0x439917a5db9061424c76630712012278cd0ca652,0.0000007248,6.5229753837406745
0x445cc6c3d51eb0a63395a613a0960c7922bca0d6,0.1018929006,917036.1052618396
0x449816d520c89c87b320e94a0bfdca9ed66e156f,0.0000473235,425.91115470596355
0x44a4212ac91767708ce8a6e41a43f18181def77f,0.0000019563,17.606254179909822
0x44a529f72c9f5888c69e0f4a2614d91fd289af7a,0.0000016162,14.546118042405164
0x44cf78e365a3cffed54b7f2d702c2c6239276fa3,0.0000016736,15.062029877971073
0x44d3e3d34d1dd3e1d520d8ce39d51c9a88cfac6e,0.0000001383,1.2448198976693758
0x44dde9695027ca6acb7cdf3b361c37056122e4af,0.0000028991,26.091901534962698
0x44e24b004bcf1124fbf2719a650dd8f2a3341d2c,0.0000094221,84.79867998862876
0x44f0e650a559fd905228047ca90c3d7d696c609e,0.0000001954,1.7582810606380663
0x451862c9031e57df0be61751a4888456adcd1787,0.0000028991,26.091901534962698
0x4530f1232a8dccf18453446f6fbcb86ade5e5eff,0.0001451315,1306.183071883514
0x45602bfba960277bf917c1b2007d1f03d7bd29e4,0.0028991002,26091.901534962697
0x4572581fc62d4477b9e11bb65ea8a1c306cbba3d,0.0000024615,22.153444906593453
0x45966c9b80b95413653e056db487be1ec2b826f1,0.0000001128,1.0150135141568595
0x4679c6a025c3385e6b842dfa7a3d2831fa3b1ac5,0.0000015164,13.647477018084674
0x468325e9ed9bbef9e0b61f15bffa3a349bf11719,0.0000029585,26.62678551642943
0x46ab107b3632fc7140e7b2294e5d803774eb9c88,0.0000002707,2.4364095815317466
0x46e9d23e8e5cdb3bd566760db5795045d14283f6,0.0000305181,274.663028940328
0x4776c9a33f1eeb14c0c95486b10c5e0275e5f71f,0.0000035036,31.532063005002414
0x47d6f96ba098816389db7c87cbf077de7181b853,0.0000068517,61.665246624090514
0x47dc5e0ed9839cd423cd1ccf3d9da97862cf7f3b,0.0000004557,4.101017163507873
0x4812505f744b14813d27d641c8af4d74f13c92bf,0.0000057982,52.183803069925396
0x4862ebedc8a2da3f56eee2cfaac73a34c55c7d99,0.0000048476,43.62808678339207
0x48b72465fed54964a9a0bb2fb95dbc89571604ec,0.0000925319,832.7873157787661
0x48bff3491d185bbb3a81ee41c03888d1e8035f5a,0.0000047125,42.41272094814089
0x48e9760e7f684e0c70b2b880181c124b9cd4864f,0.0000072995,65.69550023761767
0x490461d50105ee1d3f170edc5f164a754c9745a0,0.0000016432,14.788802758826938
0x4929f4d38f2955649b5aa34343da04cf790b9d92,0.0000140879,126.79111713189675
0x49be89682318bc5b79fcf33c51ee2bc518fba992,0.0000014496,13.045950767481349
0x49d56a0ae3608b683755cd54e2020134319213e5,0.0000657986,592.1870644193863
0x49fe1f832ea70c207b6e555e160dc2df51c00107,0.0000055236,49.712698144267286
0x4a434f6529754b2c44717bc10e34d7b5d8ab9947,0.0000001522,1.3698248305855414
0x4a7dc0a1f68ecffd1588df798d95c95c8aa7efd9,0.0000122315,110.08356561222121
0x4ac66a0e166204321ae4c9a99d7e81d66c01009b,0.0000067336,60.60226377852573
0x4b0dad867e15eedb6fc6fdf8be3d6b56163cb9f4,0.0000115964,104.36760613985079
0x4b19811588dd963ec4ffc8a57876873c684ea8c7,0.0000238789,214.90967854765805
0x4b2e0801a80aaf572c0c847128b7c66e2223670a,0.0000028991,26.091901534962698
0x4b50ca44afc1e27f129b3060467a0284d80b618b,0.0000884226,795.8029968163622
0x4b69511c0b077200771f73f3c7cd4ecd60c77707,0.0000107513,96.76181684240916
0x4b7c0da1c299ce824f55a0190efb13663442fa2c,0.0000043487,39.137852302444045
0x4c1216a641aa3b8e592ef960b5d3fef6139ac01c,0.0002797666,2517.89950794445
0x4c5472116fe8fdc491428899aa7f3b2d8e631896,0.0000072478,65.22975820146588
0x4c5f4f9df7968b0db448526162114a04f3462bad,0.0000028991,26.091901534962698
0x4ca790b2c94af33009f5e7e2a419d766d77aa88a,0.0000011511,10.360149190667121
0x4cb5e66d20e8d2507994e61010f9a89f3ea4f59b,0.0000006370,5.732589614076105
0x4ce1ef9d48fd303982c42c38cfc5c698ab7cb461,0.0000001450,1.304595076748135
0x4d00af255c2886da69287c6fadf059ac874e1933,0.0000016170,14.552738462564493
0x4d39a1758e3f5008123f81d4c1d2fbaa6ee27aae,0.0000021073,18.965680048120742
0x4d8222965d7ab82c5c4eed9ae7d55448c22c15d9,0.0000007255,6.529093934650624
0x4da9cf8738366fe1484d33c485746f2053ae1466,0.0000015914,14.322940612405493
0x4dfd27354901e08323b7b6b955115e06805d82f9,0.0000049795,44.81506775672259
0x4e2d315f003bf04034b25d7dd8ab696b4656b5bb,0.0000534046,480.6413476636967
0x4e61548d94c8649ebfc2f5f54d2272fcbc687bf2,0.0000072478,65.22975383740673
0x4ef2ab73ef2214ebeba6f087a8dcf89731504301,0.0001307856,1177.0705316733324
0x4fa699eec1f8acb4a23027a1a9969fd20f06b39d,0.0000002113,1.9020604840464783
0x4fca7ea8770ea56d3e5eb1ce0f35ffe44f198c7d,0.0000053599,48.23954933479501
0x4fdec6a133c873e5fba5f101f7426be1488bf571,0.0000275145,247.63014136835136
0x5017debc066df702ba3b085f2ee015e79ae24500,0.0000011501,10.351013509859278
0x5027ead005a8058adeaeb59ff0398533ed1b0db5,0.0000001450,1.304595076748135
0x502fce03af4bfd3dc991a6f7d0523cb920e1dbc8,0.0000009316,8.38462917873638
0x5049078c33e670bf29c61042f13e18442362d55d,0.0000013278,11.950090903012915
0x507319a359d8ae60fbc644fffc4fabefae89625b,0.0000014496,13.045950767481349
0x50744d084b66e0cf498a5f078c70da02691c8aac,0.0000014496,13.045950767481349
0x50d52d86458f73005858a9345cf4ce89e5a6f410,0.0000014911,13.41966039479301
0x50daa97738a7fa442689ee86f37d7eed3d55df46,0.0000002403,2.1626581945268475
0x5101395ec20d419280e9f08fb755b3b03c71ef9d,0.0000001134,1.0206279490341217
0x516fca170bfe24bfc54e01f215ef85fe9b5b798a,0.0000025508,22.957507615599248
0x5189a6fc09228b73398ebca1e84eb636ff7b56a0,0.0000021372,19.23516904767811
0x519ebedcb61498e2ebabe8d8b9ff8b168fa5fb3b,0.0000126845,114.16073822585646
0x51f24a4f20b0f4da974e2074d51b841be19b0c1a,0.0000028991,26.091901534962698
0x51ffd343d6fecab9e9c5640f0e6a67dec31bc76c,0.0002516994,2265.2950284738354
0x5230c5f58fc32ad8995f317e5f2e97f8cb9cb557,0.0000032513,29.262093648230195
0x5274714f4c06f56c0dd5ba46280b7dabe2b1340a,0.0000925435,832.8917469730218
0x529927666a32b4ae9a464a96bd104faae2d7924c,0.0000001697,1.5276367492819132
0x52dc01082fc06a78ef3910c101b7823df3277355,0.0000065068,58.56160699157025
0x52e3f56aeb7e5c7fb516b494b8e616cb6324e5b6,0.0000001616,1.454427821312658
0x5309aac198c88a7eb770244887cdf051e1155a88,0.0027279791,24551.81199750546
0x5309ccead59405eabece0bddfd93e4a981522da7,0.0000052950,47.654952971825246
0x53c601621a9bdf0b98adf8b1f7d41ae63bd46c07,0.0000489713,440.7414001599133
0x5429376b877772e54c9e13f7ebbad7f243a185b1,0.0000064679,58.210981860825726
0x548b363f28234fe88a72d628c5350e37640429bc,0.0000810101,729.0912229717696
0x54b45b82dd69854c39bc4346197f4a7ddcd183c4,0.0000117667,105.90021632300115
0x54cf0ef9998b5274e321c18679450d73afcf1a83,0.0003624412,3261.970852648559
0x5522e7aaf31f828dd7d401022364338b6a57e439,0.0000029027,26.124045254916037
0x55257c7dda41e21d6c23380a29cc63bdce7d266c,0.0000044691,40.22165669267597
0x55746bc4320c2d2976a0dbbfd1b3d5bd36d367a0,0.0000001609,1.4482307221781698
0x561ecfcf990ffcc6c8f843c59170f80160f92479,0.0000005923,5.3305220594999865
0x56e2d35d28d44f4a438f6b53cd4cb8d3e596f1bc,0.0000072478,65.22975383740673
0x56e42e67f1986dcdc8a8c7c3b354efef57a876ef,0.0000043487,39.137852302444045
0x56e6c22dd85f6329426d336ab52d8dae83a75fe2,0.0000014081,12.672946209726994
0x56fb82cdf1eba7d9d75a1c0961c49ab654b818c2,0.0000028991,26.091901534962698
0x571e9aefff646cdfa80da4745293dab94a7ba4a2,0.0014495501,13045.950767481349
0x5811e1f688321481127fc6712cce32ab208f3fe2,0.0000233957,210.56125400862595
0x584313319d0bfead2a9d98a7154f5dcb5a62887f,0.0000321325,289.1924200648272
0x5877af7fc64e26c695806e2fd7e083c8511e61f1,0.0000072478,65.22975383740673
0x591326490ad6dadb80116b04ddd521e57ba22e2c,0.0000931366,838.2296450126821
0x59693ebba325f592d858c30998d7c68ee29a4cb1,0.0000652298,587.0677845366607
0x5a38f942b5a593652ec1eb844cae8865cdf99412,0.0000001896,1.7061755332727457
0x5a55aad519556a40fe4546f23a07500d2379cfaf,0.0000015220,13.698248305855415
0x5abc5f885e235c30f99c80b9da8d21f85f65aea2,0.0000004073,3.6655747252370263
0x5ac1446a61c52720931048da5eed57eb497b0129,0.0000011811,10.630167281076863
0x5af5ce62295c99fc3e676d8eba299a906429566a,0.0000126287,113.65814860969797
0x5b655eda7d101f98934392cc3610bcb25b633789,0.0000014496,13.045950767481349
0x5b71ab89a74eb8515585bf100a69bcf12f9eaa3b,0.0000495457,445.91113246107244
0x5bf66e7b96ac308dbae5ddc85c0cfd253996c0db,0.0000070510,63.45910856498699
0x5c4d8cee7de74e31ce69e76276d862180545c307,0.0000217433,195.6892615122202
0x5d0a6fea600d27161649445e5941ea75feb6d466,0.0000014496,13.045950767481349
0x5d2b7f517ea0c3a68e58c32f97b2b2c080ea3d6f,0.0000044361,39.92510728972748
0x5e0fdc5a4a74c962c0c96fd457bb494b10d84a50,0.0000018756,16.880487976226735
0x5e6074d59abcee40951fe8212be1ea3e7644b677,0.0000004517,4.065013891541048
0x5e78c09984bd6608f8e913f0924062c043ed6ad7,0.0144955009,130459.50767481347
0x5e9801b080c811ecb204a012c95c1abd4fa846e8,0.0000000148,0.13326464296217191
0x5e9b423c21236ee2e0c3f36c014aa0f3fc64fcd1,0.0000619651,557.6858968074571
0x5f62ece59fbba2bae1654e9b69bbfa4e4d5b329b,0.0000001020,0.9177762758396464
0x5fb6e7e6cd299449a02fe47cccd5cb70ff9dc632,0.0001602151,1441.9362851449328
0x5fdb500ba1d9b6be0c164ce609277cd968c5d45e,0.0000328063,295.25707365488614
0x603c9545c03339b6f1bf8ed36d8b4dac71424b0e,0.0000188442,169.59735997725753
0x6095b2d9c184f57cf7fa0c0358de34d09e2594b9,0.0000017680,15.912415028142318
0x60c480856a3cc555b51a78be505c59faee5eac68,0.0000061432,55.28873935258596
0x60d690b144bfe7eb9218a55a302e6fa3d45a2bc5,0.0000001736,1.562787488387358
0x614037458a228a5f7556be1f2dae83baade13217,0.0000191963,172.76693520255273
0x61477eaa5e33400acc353390ca001be0eb706eb4,0.0000001947,1.752263542920259
0x6199f3e456781a05564495d2637d91fa550cc258,0.0000469567,422.61004550995335
0x61aee4fedea3cdb2010c09f66234e90282d93c44,0.0000015392,13.85255546249198
0x61d9e931a72c9fb3eb9731dcc5a30f1f6c3ab63f,0.0000053470,48.1225769727143
0x61f72fe1e4ff809a2eca0b191c608599a192e1a1,0.0001219651,1097.6858893108786
0x62949d87e19a8b4c9e03d6943a1f8ae74a6caa55,0.0000001450,1.304595076748135
0x62c918dbb9cec21755bdbb7d459c3455d17f8978,0.0000039359,35.422717764536074
0x62cb4e2bd1dd031e30b4e4032942113c682777b2,0.0000007248,6.5229753837406745
0x62da87ff2e2216f1858603a3db9313e178da3112,0.0544434726,489991.2533798846
0x63346d7367d4ba9cd1ff45d7b900b32ec4f73d5e,0.0000012273,11.04587511423558
0x63421ae93c44f5f3f58b7e3ad1245e955db49897,0.0000017781,16.003245135411646
0x6367a367ee11ea09fb711f0e5ddf649c37863371,0.0000492847,443.5623260943658
0x63828ff917a9798944c7868d8b27aa0056d89e27,0.0000029135,26.221137116582337
0x63829da9dc103b63d984391f7580eddb220ba6d9,0.0000016983,15.28502729770417
0x63c0ac6f404542e0b85036da3bbe2d38250dcdf7,0.0000119589,107.62997489819298
0x6442c72abd1a9d14c303277a8c994fae295b6bcb,0.0000015986,14.387668239318243
0x64ba57bf7977dc2c60a5c9935e01e2bc6cf638ca,0.0000034933,31.43926684651084
0x64df7af696e0977771a0e1e1b1a8dd22ded3cf4b,0.0001240226,1116.2029727711433
0x64f8e38e19c1b6992969dcd5769c149951018af1,0.0000045342,40.80773400068166
0x64ff0cc278739de234eff0574c62496534e9f538,0.0000060992,54.89303487507812
0x65247c038719c178f00097e3508dab9115a2bfb8,0.0000001450,1.304595076748135
0x657289ea89d19c78ab7d825e5ffa2c5f6166fec5,0.0003710848,3339.7633964752254
0x659418bbb855c18f9253acbccc20b40051fee6b2,0.0025367126,22830.413843092356
0x65ac1ffea31c0949c08874e03d9cc30d610f4e59,0.0000000435,0.3913785230244404
0x65b2d54d01bd991df14f2a902081aab839dc9082,0.0000031828,28.64507228032114
0x6677ca74a6e6631db693a37e690306451fc381db,0.0000120676,108.60801707968194
0x668fab5429f363f87c17b1d9f7eada702cadae1f,0.0000001587,1.4281921066329173
0x673995c0d74115d01ca9d051e130885d0dac64d3,0.0000020366,18.329300235373488
0x67675b30ad36b0ca29d40dcc2fe23e0fda9afb9c,0.0000013744,12.369397097485715
0x6797bf153870a00f97d881eddead6341a3dd8954,0.0000007248,6.5229753837406745
0x67a122e18bbc259dba299b8259b102d940f07420,0.0000014496,13.045950767481349
0x683a42e5b414ae5cf79ece7e369ca5937fdcdc11,0.0001087163,978.4463075611011
0x68548b4154c46e4200cbf6fe76a90ba7aff337ed,0.0003710848,3339.7633964752254
0x69daa47f4773121d58e28d73d4afaa6a2ad7b9cd,0.0032634376,29370.938171887803
0x6a07ea36da7850cc89be2523eb9423fbe7237061,0.0000001159,1.0427965101775005
0x6a983e653d6d7c81fbd29dd7cc638b6f36242d08,0.0000014387,12.948106136725238
0x6b18d2799c804251e307b9f80c130c637674eac2,0.0006740408,6066.367106878826
0x6b1dba4494147bbfcf3575bbf509b8000d31fecb,0.0000010021,9.018874500772137
0x6c1e0c4221ec9d36cf80cd2b9b6b9b2823e4cb69,0.0000310248,279.22329975449804
0x6c68895e429313434ad1fb3131829689284840bb,0.0000053652,48.2863807234311
0x6c6fb98c30906aa5c05f8ec322cbeb7243f0a4c6,0.0001404450,1264.00521012527
0x6c762fae992eeb9ac51e36fb5635e01e72fd271a,0.0028156135,25340.521230124432
0x6d0bbe84eba47434a0004fc65797b87ef1c913b7,0.0000109884,98.89601140124726
0x6d51ee687cf69e5a8f9412ce00fba6c9d45b616d,0.0000001929,1.7364160471517673
0x6d90550736cb00027c38e5e09297993973f34849,0.0000122998,110.69828931789804
0x6dd6e20a0969782468718d5d8f35defd3d2f1db3,0.0000144955,130.45950767481347
0x6e56e7ff87b9d28bfa3eb58aff1c4ecc0955b25e,0.0000076497,68.8474367616863
0x6e65ba5d32be0466dbb212a0e7a6ce13ab4ba52d,0.0000014496,13.045950767481349
0x6e9a65d4a066d378d9cfb340467713035ef390f7,0.0000036418,32.776480052393325
0x6f3f44440680cad37c8ef621f1800664febc44e8,0.0000097968,88.17117061451982
0x6f488d5bc7d4a0d8da169efdd8a351daa1f085c5,0.0000332709,299.43804921560724
0x6feed810a75d4eaad5400d07ce1489065ac733e7,0.0009758415,8782.573549173327
0x7074a77130050dd99cda301a57f07a50975c2179,0.0000132356,119.12063688701484
0x70db6ba00197d1e7d19ac294791228ff5949290c,0.0000001765,1.5884357456300107
0x70e09792e94b04cdb76abf7aa24781dcb4d37e2e,0.0000123212,110.89058152359145
0x7129bed9a5264f0cf279110ece27add9b6662bd5,0.0000160030,144.02729647299407
0x7132b5edc9ee267c58d3562d3e621384b18da7f3,0.0000156189,140.57011951961152
0x71a0adb369da76e300a9ec9f6e1ffcba6e185182,0.0000008879,7.991072763151698
0x71bd14e1815dbe1968b9de90d8328a011a0380b6,0.0002176210,1958.5885887219747
0x7246a274656e797fab4b02eb1e0581d46f0358e2,0.0000015945,14.350545844229483
0x7254b7e51d9305cc7bcd4510a1d556363385159e,0.0000016941,15.246916262763058
0x727334d71c7a70f8b611cb32da399048b4d27293,0.0001802862,1622.5757761596485
0x72c8280defc12277281ce52820e10c7816197b4e,0.0000001040,0.9360659563270861
0x730f5aa984a4e8320435d76dc68091e09adaf06f,0.0000024443,21.99883884927156
0x731470ff567eb0d6288fda4a50b7059e70a7b4f9,0.0000005372,4.834757076257297
0x738671901affbc417fa370cf936e461bb5315bd0,0.0000500530,450.47678192765756
0x73a8360e2d46abcadb6139f7ba1002c767f72789,0.0001127518,1014.7662344977692
0x73d388e3322c45b4451dee63d88273308ce7ff5b,0.0000040635,36.57189989901803
0x742c43952a9f5822446f9280f8f942765beab888,0.0000045012,40.51104616818941
0x74abbac922c73d95917badd2ee04862db29298d6,0.0000869730,782.7570460488809
0x74b4b8c7cb9a594a6440965f982def10bb9570b9,0.0000123901,111.5106755517632
0x75750d0bba74ecb961fa588873a0ef69c54361c1,0.0000217433,195.6892615122202
0x75a7706c8ee7799152f82b249f53f57224cbc010,0.0000043487,39.137852302444045
0x764e3f45a03ede81072ec32c858cb7321c5f345b,0.0000003624,3.2614876918703373
0x76577d204a5bd63b6d006222429c4d5124f4619c,0.0000152782,137.5040162059835
0x768d91a758355f42d11faa7539264bc11b4a1207,0.0000405874,365.28662148947774
0x76b11e445a3a459e141db14aebc611b2b279d4e3,0.0000026139,23.52475343719123
0x773d161310d07cafc6f767ca24f43e52163b9be6,0.0002384554,2146.098597892925
0x773ef578fa95a36d5d2ce1d07cece96311bb3544,0.0000014496,13.045950767481349
0x776bc79274d03546050062ecc6d52a82d8c10282,0.0000052938,47.643812202841886
0x77705fb36bffe99bb2ce067744a53722e369d59c,0.0000044994,40.494631182262104
0x77bf058e46c543556ab863ab28f9fcbe4b46264d,0.0001457239,1311.5151708732376
0x77f779ab2bdcd641eda87c66f6bb6dde44d449f1,0.0000003073,2.765992654099765
0x78082d8db5a648e92950c3ebd9867edc7cccd19f,0.0000005690,5.12088036485675
0x781f7ed85839b4568f3eca98f98e88dc12736d43,0.0000042612,38.350632446421386
0x7868b70c16bdb0eaca542864b596746752f39fc5,0.0000147144,132.42944624070316
0x78b3367b0f547cd16bac453f788956afce92447b,0.0000091187,82.06852562890498
0x78dd65496968fb7defba6f19f36b2996b32d84c9,0.0000009460,8.513591781596814
0x78e96be52e38b3fc3445a2ed34a6e586ffab9631,0.0028831263,25948.136637249147
0x790fc40cc10213499e957ae8d51b6d6bb771624c,0.0000042587,38.328169160259996
0x79635b386b9bd6636cd701879c32e6dd181c853f,0.0000006296,5.6659914439075925
0x796fc877766fdaa5196a35dae0ee9e2c3ed1f78f,0.0000012629,11.36627544817204
0x79954763edd1b71df832244a7c33b7ba9f00c9b8,0.0000211288,190.15950621754178
0x79bf225fbfd40f78b1878a6d1eec1bb03df92aeb,0.0000092587,83.32805279678976
0x7a05ace8d3b5d4dc2ebb945f6f39349a499a29b0,0.0000007277,6.549074349390088
0x7a9a1ba7cff6c0920cc74e850c6a671ce48f0e7f,0.0000000706,0.6353001935454584
0x7ac712ec4c58ded138cc4e63e0fd59f697cc6963,0.0007888895,7100.005934477194
0x7b1119ebff23c92a3b3e772698164dfbc9d8541e,0.0000590459,531.413274313811
0x7b3431db5a984c7a7a710175f6119a385070e9ec,0.0000474465,427.01809117941656
0x7b76adf47b09f09e1107a1235e513724168d95f0,0.0000120587,108.52836989323154
0x7bc17f42367cfbe17f9c51d96a4a90f152735420,0.0000003179,2.8606820980667624
0x7bda037dfdf9cd9ad261d27f489924aebbce71ac,0.0000331400,298.2599992035973
0x7c17d7aff01aedc9397b3f39d229d217ea99d1bf,0.0000003372,3.034602011894064
0x7c20b174f7275a59be485a11652f0990866764a8,0.0000150839,135.75537671335826
0x7c363e4650ca88e4676f1ce2ac6f2dd50c102198,0.0020173954,18156.558895072474
0x7c3841d0471cd40a234243235a628646a685bf3e,0.0000145277,130.74963918312164
0x7c818d46acef870ea88137bf553594f4803872ca,0.0000035705,32.13420732889918
0x7ca0aa7d9f1779542b2fe9c900fb4432867b9566,0.0000011654,10.488698453924163
0x7ce490534d78f1ee54b20f7d03a99d5e3162e02b,0.0011011820,9910.638289375489
0x7cfed2a2d4a98680dac6aa55120f5af2ec562ebd,0.0000009843,8.858408987376437
0x7d54d807e9132fc34acde66de49b36d4f37e8e0c,0.0000556181,500.56264713717025
0x7e4c3f2751a1df8e2526cff72133abc0cf6a06e8,0.0000023905,21.514329044977796
0x7e9b3f5a1e3e148064f1a8474e7e0684859687b6,0.0000016224,14.601360086983203
0x7ee300ec74f7af0304a9038381ea3dcf3aee940d,0.0004348650,3913.7852302444044
0x7ef57cdfa4481b5b3f98dd5827e80b87f76d878b,0.0000314298,282.8679472804942
0x7f5fe0cf45ad50b4e80fe66a87f692b7c006bc3e,0.0000001798,1.6180392190748734
0x7f9320a48f563153d2d3a877a26ea8a878e50db6,0.0002853071,2567.764270140631
0x806388e04b7583a0148451a8ecd29a748b8fd584,0.0000025908,23.31761646495665
0x80c449367944b138a6b4a9bf22f78953f71d467a,0.0001449550,1304.5950767481347
0x80d762e5a4dc2bc237f594a7f696b5e216067036,0.0000219931,197.93832852740707
0x80f609adfceb731e8e620963bd194f4db9f56cc1,0.0000043723,39.35061232442887
0x81168c14e5a89f60b30e9a7f82a229406a64369d,0.0001020981,918.8829188537342
0x8130512c423fc1fb5fa4b6ac741285a6c7d7f55b,0.0000019540,17.58594163456486
0x8155b89b9eff2ac567cfc4ea4a370dadea748902,0.0000005938,5.3443163545104415
0x817dc2224f55cd1dcd82cfa7894267cd8da60257,0.0000014496,13.045950767481349
0x822adfc4b4f055a1182e771e1a742235268bbcf0,0.0004969131,4472.217516176172
0x8295f58f004a21793f33f7cb7129e7dc9948d741,0.0000012339,11.105496050326172
0x82f659531def6e3893aa584ca242ccd338ae1f0e,0.0000043487,39.137852302444045
0x832799c483e1f1ecd4e6bba7f042e99161babdfd,0.0000013611,12.24981300253633
0x8330a84d3c16a55302f921c36979b1067418053a,0.0000003713,3.341567068360353
0x83e28d08f59343cd13ef93bb4423d67ceb80096b,0.0000001450,1.304595076748135
0x842b1275c0709bc1cc0c6a91436fd41d7539adb5,0.0000031928,28.735467768731276
0x8468d6e438837d00c79b02cf882a291641f01b86,0.0000037399,33.659350626104725
0x849646e3bcfb0ff9984812b4ac558dddccfa3247,0.0000168560,151.70364655641367
0x84b0a7b290765d8abf0bd529ed0e9d9f30feb84c,0.0000001450,1.304595076748135
0x84ecf15af6fec307afeab934b46947967bc02d5f,0.0000001673,1.5057491858523453
0x84ef9d47a2b1cbfc2f011f886287ef44f08c80ab,0.0005178214,4660.392490616763
0x84f0809d3cfb97b2c8a4a77fe82b962f90851ddb,0.0025792714,23213.442957625608
0x84f87dc95e563cb472a1fbc6cdec58e9b74ac882,0.0000052805,47.524865113998025
0x84f918ba377cbd0385b4ef28f6b2b6d7e9b54a4b,0.0000030227,27.204592312745522
0x8566f09d813cfcc25fe069e264627711bcaf7892,0.0000003243,2.9183530947840426
0x8642214d3cb4eb38ee618be37f78dd74a3093869,0.0000010205,9.184349340306868
0x86b2138beff61ea548d173df76d85b903420f373,0.0000014256,12.830414417477883
0x86bf97a8356690456f4040dd0172aa3d4d5315e2,0.0000118709,106.83784872565518
0x872afa060093e1ec08abe9311ad23569d396ad41,0.0000010370,9.333252762324188
0x8789332a7c737c41559d6adf0c569aa71ba0deb7,0.0000037576,33.81843525827348
0x87e062bc16ca69bfe9995e7ea99ebf02d22c56fb,0.0000001450,1.304595076748135
0x880e14298dd46418806f7b5e12b92aa9873bb5d4,0.0000275415,247.87306458214562
0x8811f45eb3dff252dfa0e265e77ecdd5ad7d0f10,0.0000437498,393.7481835307492
0x887c3599c4826f7b3cde82003b894430f27d5b92,0.0000072478,65.22975383740673
0x88a2f230c8c407e8fe10041900746a70ef28d8ee,0.0005195664,4676.097966845565
0x88df652d37d89a9cb3fe95d92ad8489ee54284fd,0.0000002899,2.60919015349627
0x88f1706c20d94a4d1551c5f799c9e3380a24c3ac,0.0002935690,2642.1210625113977
0x891c5fe26553a3c78cc29c9f4cbecf4c4a5b7228,0.0000615710,554.1389768436238
0x89768ca7e116d7971519af950dbbdf6e80b9ded1,0.0000140112,126.10098316986137
0x89d022f95dc5073b7479699044fdf6e3bc74d3b3,0.0000036239,32.61487691870337
0x8a33b3a47810fecefe88675bf883c4c7c9fcfbfb,0.0000014103,12.692953431614836
0x8a85e947da6f865a3ba630ecd43e629a46510be2,0.0000001450,1.304595076748135
0x8ac5c1cbafc564fbd01ee4b116dea85e6a593ab4,0.0000038650,34.78541105068929
0x8af6ec0cdc9b4bf2a489cf6db7ecd961df3c00b8,0.0000014568,13.111158143348415
0x8bd9a82618687c47647184f70d1669082306d5ff,0.0000492533,443.27931757567245
0x8bfd22d7fa34839447af3b4ed35b847de5882dc5,0.0000033052,29.747066831195813
0x8cccc024e9bb9a9c4438fb7a2fdefc2bd8fe1863,0.0000005738,5.164020657572109
0x8d5238eacb01cebcd06f4fcd7bd321d00124ebf2,0.0000049458,44.51193131411726
0x8d72a9bebbd5160fbd61e57bcca7810b9f2d1d86,0.0000329795,296.81593329040123
0x8da9b7eddad06d3265a3d5e95850c21c0a96f2d3,0.0007247750,6522.975383740674
0x8df126302a7ea75e7013ec8ad6bfac14dd84a5ff,0.0000003127,2.814011580545727
0x8e2a89ff2f45ed7f8c8506f846200d671e2f176f,0.0000044588,40.12934456077263
0x8e919425baa8a813fcaf5d6fd5d2e5ab4f97fed0,0.0000019756,17.780184955204124
0x8ea8211efe3a89d6a55278fc0f687e8394db962d,0.0000014496,13.045950767481349
0x8f1871170fdc37af79756a7a7b08ffd630423cbb,0.0000015621,14.058480892974345
0x8f688a91695f7d2a1e93e57cedcbf5c5202f617b,0.0000434865,391.3785230244404
0x8f74a2fbb9dcbd3fbef4cc02afcdd14bece0c542,0.0000005798,5.21838030699254
0x8f9be4310f9abb0e5843cc6363908c9b01dfeb3f,0.0000676375,608.7371087614472
0x8fe7b143b2c67739e9c933da0a48142b14c4415d,0.0002471847,2224.6621376602016
0x8fe91d9da3c88d0a37091e706af580e6552cde28,0.0000001968,1.7713400573563152
0x90966e5d16cd278f0c84a99069901668a85c7104,0.0000007248,6.5229753837406745
0x9119bc87389700b8970df51a810dd8fa4db38264,0.0000014496,13.045950767481349
0x91a332f12e51a5ab2b343c6587189969b533f55d,0.0000042269,38.041992437975615
0x91f6f271e8f314f1846dac54b6f8f455420468ba,0.0000028481,25.632671021996583
0x91f9adc2fc049dc33c7fcc6a8109150fe283d73e,0.0000014988,13.489513093575713
0x920c860252469ea6f3e430e4af54aa5426886c9b,0.0000029566,26.609282293568103
0x92532bf9fef6fb291621b664598f7b0699897542,0.0013856363,12470.727097589219
0x92aa8cae5c0d2987f2e31ba99c96da7008d1ee51,0.0003638371,3274.5336426378185
0x9327775e225a703125167eb423d246915bdc37e7,0.0000086973,78.27570460488809
0x939696e968998cf5b74d64ce4abcc822d8b1b77f,0.0000014496,13.045950767481349
0x9399979f3802cd1249c562b8b52e41a801228388,0.0000366873,330.1853598523808
0x93f3f612a525a59523e91cc5552f718df9fc0746,0.0000075383,67.84475695485368
0x94228872bb16cbcdfe010c42a8e456d15b366bf1,0.0000014757,13.281187490826198
0x94743522f741089766be3cba1b8872e0a1c4b584,0.0000003044,2.7396496611710828
0x9497243478392b1f7f508874f606379f989c6eea,0.0000055141,49.62663741367825
0x950c6ac0bd65e70036e05a15053f5d9f2dd1c25b,0.0195526264,175973.6375584031
0x95aa6cf80aa61c3433215c7b8330c065ed29ce97,0.0000011766,10.589490129041502
0x95bed7933b6046df3f638654e53237ce8b6e1dc3,0.0171877937,154690.1434137796
0x95e17e827df0b113d11d48ee1771ff134f770da9,0.0000517012,465.31070687350285
0x961a05d1a05010ec3c2418df6a77e3d88247b027,0.0000043487,39.137852302444045
0x96c07d27d239758361afac650847d82e7d2a8480,0.0000043487,39.137852302444045
0x97224c61ecc254af6a4fb717d6b2df09c4545b9a,0.0000029781,26.80323550910074
0x9760a139385d70162b35e17ee5ce50fe8b15964d,0.0000037643,33.878903644950654
0x977bcc40cd619cd57c22767d76d129e3049da6df,0.0000659627,593.6639323907259
0x978c01b69dd722754d65fe39c4308f51b912a73b,0.0128434947,115591.45251953692
0x97a554cb95edec7037292deaa883864cb35bc668,0.0000179570,161.61260560624626
0x97ac8d0430f1f5f205b2e81aa6f556d851bfc9fe,0.0000000603,0.5424350535731758
0x97bf1a16f366007facb07da02df72c5e9ed5803a,0.0000022622,20.360174356007814
0x98ab46ed99d9fb663bd79854ea2a6cdcad2163b8,0.0000008046,7.2411855245662675
0x98b7a46a33d60f71522115ab7e2ec8f0fc294038,0.0000002972,2.6744199073336765
0x98d33aeba642151d5fb53e7966d4a0121093e478,0.0000030600,27.540002070153125
0x98d91ac3f160e1c60a79430c8a8fe532c2bb1794,0.0000078312,70.48056143312748
0x98f365b8215189f547e0f77d84af1a2cb0820c72,0.0000724775,652.2975383740674
0x98f8193394791fa8a34237f8216d236405acbf4c,0.0000007678,6.910538538616602
0x998487fa22bed98c04991fa9f382078455e11416,0.0000074788,67.30963474838367
0x9a44394ffd96a78d0b5c5b2f5dcff6052c70176d,0.0000000277,0.24908661990948888
0x9a517b5d1fea6e42d50e711fa212fa8121c1f939,0.0000038454,34.60856562752713
0x9a97dbc9baa91707b5bde45c810536c17b8ceb15,0.0000428224,385.40115242731457
0x9ba964a731ecafdf54e9914f99c9e754a77fc405,0.0002265378,2038.8399347404115
0x9be85fabd144bca1acdf2b5e074cfbfbeb2855a3,0.0000185770,167.1933503456221
0x9c3e1508a6aa880741928a441dd13582e94696a0,0.0000283285,254.95650336817718
0x9cd6f832f8c50a9df47c432ac095f96f011179ba,0.0000051434,46.29097539982849
0x9cdbddf646a86ec987394c807defed498dbc7df4,0.0000071821,64.63860189470392
0x9cead5773f576e9ae649251339b5f71c21edee3c,0.0000016090,14.481005351904297
0x9cf84e80bfac19bc7f892359db746c1f3c8be955,0.0000337475,303.7273669204857
0x9d94ef33e7f8087117f85b3ff7b1d8f27e4053d5,0.2237830745,2014047.670472905
0x9d9e8f28a8df0d590d7c23d3d7b02e6954073f4b,0.0000014496,13.045950767481349
0x9da847cd29d0da97fbfaee0692d336857cf00cd3,0.0000016479,14.831382655826896
0x9dec5daccb0d3ba37d3d9ede29f095cf83362dd0,0.0001011079,909.971177781022
0x9e331aee9f82b25078f7bb1581ffa8383ad84944,0.0000014880,13.392082526911132
0x9ebd5d49426ecce20ba1714c760f8140a88dbfa4,0.0000064063,57.656475049277674
0x9f074913c4bdf3a51f18d820626d3c897fb55ccf,0.0099226783,89304.10484618106
0x9f65b5aea6536274fd4960780557cbea50d25aa0,0.0000369636,332.6722376264204
0x9fc27fb296edf4b8b6aa3ce42e9ba24bfa4c8d3e,0.0000313149,281.8338476818415
0xa005f646b9dc13e1f49b5f53c1c4552fd312f4fd,0.0000336555,302.8992982166832
0xa0206ac75aa347327f8ca82440279bd6a0fdef27,0.0000524494,472.04464203076003
0xa06137b61301aebfa7b6a0c8939d1e8528045782,0.0000021536,19.381967856660697
0xa073bd06dc19466f5122864a80faff5d7af9123a,0.0005726966,5154.269172915102
0xa0dcb6f8203a9a8e3f60a0fef72311f210b5f324,0.0000065388,58.849090932706574
0xa0f77c56b545818b64646e2de834b044573ce078,0.0000000926,0.8333231512236385
0xa178c15dd95553da5b79c1ba0bde1659fa2e76c8,0.0000014496,13.045950767481349
0xa198e245bf6929c1a1899e36bf957417143d4f7f,0.0000073811,66.43022938421825
0xa22c032262928b2b438524b72daa72c558ab71a6,0.0000028991,26.091901534962698
0xa22eaf1c82bb1a639ee931288f51a5ed6914b3ff,0.0000139867,125.88037895542752
0xa22f4dab60fb06ad1a0619670a5eda7fe9744901,0.0000002082,1.8740247358471607
0xa2bf60058c0657c45fdd1741220b4a7f0da91ca3,0.0000073119,65.8070644480952
0xa2f696958a5e023014620687f1d34755c707e5d1,0.0002090543,1881.4890046670914
0xa319266b88444a71f9dd3618d7c7d6e525ae9766,0.0000058095,52.28527336938086
0xa34291ec7bb3e07d3a55f2321ff6102f4174133c,0.0000235738,212.16433259576792
0xa37f39c248d65f5f07a0b65550faf63c267fbe0d,0.0000043487,39.137852302444045
0xa49c321a905e172e6edb397fe68cb65f6549e01c,0.0000006666,5.999069340807592
0xa4aad96bdf6396ddbe55ad3b376bb6f27e431203,0.0000724775,652.2975383740674
0xa4cbe661ac2305960d6495572d3e10c87d2a2c92,0.0000181080,162.972058556104
0xa4d840c5861bd43dff4a29fb84cf92ccc421f11b,0.0000018070,16.262927154422925
0xa4f6638cde88f245b75670b510fd8e46fafd1678,0.0000093542,84.1880333571626
0xa4fb8f10e99a0762cebebfcf3c69d20f67742c5b,0.0000016464,14.817969731504927
0xa5ba2bd4d2d3e064822c5be90ceb9273146da810,0.0000002899,2.60919015349627
0xa5e8eb3fe57369bcda21c376b18d07a236d54ffd,0.0000797055,717.3499228561957
0xa61301a5199671ab6c5d2e21c718fddbdab778e3,0.0000008505,7.654593409509685
0xa6affe72e14589e5ac8c0d588c99c3a714530171,0.0000028236,25.412166279702372
0xa75f9c8246f7269279be4c969e7bc6eb619cc204,0.0000050919,45.82684544357051
0xa84944735b66e957fe385567dcc85975022fe68a,0.0000004820,4.338387202593069
0xa89f778740c6562daac0fa1e09f48e0283a39611,0.0000081494,73.34444551939713
0xa8ac0cabb75a3842fb8cbbe18359f71711cf95b7,0.0001565752,1409.1765755825143
0xa8af6321480d415726573a8048c5f20897df21a7,0.0000142040,127.83625229041628
0xa9781c55c4257675a72a53525f1c960d2fb41a7d,0.0007421696,6679.526792950451
0xa983bc05d29058bbec302de2de65eb4276f40ecb,0.0000086973,78.27570460488809
0xa99e72bfed1ccdb04218ba9d2be5c2a0687fb512,0.0000030234,27.210188025769888
0xa9ffa6b04565e9ef06271ae636cecf466d637201,0.0000018735,16.861118014072993
0xaa052cde1b431d6f8177c5ca194d98a4a6a3f626,0.0000028919,26.02667178112529
0xaa13905714dc09e1c51926869ddf2f3f2f1f3133,0.0000684772,616.2951581857608
0xaa4d65d31c17372804af9660a7f34c983f0355f0,0.0000000367,0.3302593443225814
0xaa8bbcf4de7cca4dabe1d82681d2343bae9d4123,0.0000019137,17.22355411324593
0xaa942b60823be690a17576207b819807891d71f6,0.0000170089,153.0804687783339
0xab12253171a0d73df64b115cd43fe0a32feb9daa,0.0000106965,96.26848506730713
0xab4677418e7b80dc0dc09928f05111f25966742c,0.0000054958,49.46202371138523
0xac3e015877f661a9f75391b14e0107b5d995ee38,0.0000006108,5.496959906643216
0xace0086da2ae12bc6e19610719fcb822d10d665d,0.0000006071,5.464222246407487
0xace57810549be61779f58a8b66d8725bf8aaff68,0.0000669435,602.4915496020367
0xad5a6ad4c746290d363d8754adb20ff885ac502f,0.0000018209,16.38832335411007
0xadaae0cf49b422fb24cb988d669e77f4e015608c,0.0000023413,21.07200069700795
0xadf100a2fd9b746448e58bc431aed12993b2dce9,0.0007247750,6522.975383740674
0xae5fb390e5c4fa1962e39e98dbfb0ed8055ed7a9,0.0497256288,447530.65900801047
0xaed55b0ebb566e4ed491f68ef0ec4e705c7a1523,0.0004360861,3924.7748617809807
0xaf7daee76e04e01219714ca771ed31aad4c1e5ef,0.0001020095,918.0850843937432
0xafcea9e0b397c671179973883e6fe0d9e77b12ed,0.0001938008,1744.2071321322042
0xb0112dfeecbc590de58264780a02d98efdfe6f59,0.0000215597,194.03766182554676
0xb017914f4bcaf9fc600ffb92c0964ebbee16220a,0.0000013302,11.972026033246477
0xb0359b486889def3063fde651e5af71f5cf3b24a,0.0000013322,11.989720980584579
0xb03aeac789533514c7df885e0d930d5eecb400ec,0.0006740408,6066.367106878826
0xb0433a329b2fe3d4a15b933645c01782d923fd42,0.0000025290,22.76094203502156
0xb1363975921c83f959fce3a73f0258c5adfceab9,0.0078172630,70355.36709944028
0xb171af39fad7677178f721d4fb21428a7e75b738,0.0000001490,1.3412541984047572
0xb1c0d822e2cd6d564d71b50aa02fdee9d198943e,0.0000013770,12.392752811311396
0xb2139bc97c2dc43f8825d033d08ecb9e2c8be00f,0.0000461679,415.51083263112713
0xb230628e4855da9f6c2a34b6dae57532a08f5851,0.0000029067,26.160035282649268
0xb247a77d45b9afd9e1d125891fbe932ed4132e55,0.0000072478,65.22975383740673
0xb305acb336af101039c2a63bd3e6de05d72303a0,0.0000007364,6.627342989880525
0xb3332fe2f1d3d4cb0e67c96ac09fa2b267bdd4f1,0.0000028991,26.091901534962698
0xb3582e461c652df73d393fdc2eb1e4c835b1ce55,0.0000078330,70.49679451767854
0xb36a7659a3457d4454ac4e3241995802603caf8a,0.0000024787,22.308575812393105
0xb3ce6f71b96d8038f873968f410569d23db68cb6,0.0000014496,13.045950767481349
0xb412c06844f87b57e2868076c563e84ef980017a,0.0000014496,13.045950767481349
0xb43db671f601adfc83284e33ccd788e3832f161a,0.0000058010,52.209138306315836
0xb4474abe61b20a86565e8e90e459af724f6874b4,0.0000001450,1.304595076748135
0xb4646f56a0f8d7a36ba19a2956060f70f61480de,0.0000016388,14.749259085917647
0xb4a957fedc75650d027a83ed992fac013c52dce7,0.0000043020,38.71815141721037
0xb4e352e8af50861ab8b903ded3307c4b1322aedb,0.0000044322,39.89022564959395
0xb50685c25485ca8c520f5286bbbf1d3f216d6989,0.0000119698,107.72797607041319
0xb5ad8b5787c71f08b3048da91aed6f35809cf313,0.0000619432,557.4891951851353
0xb6002b0b757c45691b097cdba266657879485e21,0.0000028991,26.091901534962698
0xb6a312b525de98cbd6c73a63e46a1e9acb835c64,0.0000014485,13.036748363625595
0xb721262e075ad4073ebe4560161a88fef8c82dcd,0.0000002065,1.8586687851089592
0xb74465cefd9cac12a5e96a9736f131b02ab531d0,0.0000144955,130.45950767481347
0xb79a3ccc512f1c83e0592db79b28f6ccd949b048,0.0000011814,10.632449875497297
0xb7c0e68d6ff9dab41779aed07462cb22fe087c74,0.0000008697,7.827570460488809
0xb805a4ba48e5c3bd4691b8e25685bafd691933a4,0.0000029409,26.468207770141355
0xb80a8a222e9eec886247cb6624fb48f7d37b3253,0.0000006888,6.199043410351283
0xb83d1c44b638350c566301d4e99bae1a1105bbca,0.0000002528,2.275343242929231
0xb8adfee40e1defbb8314d3fec3c622be2f624901,0.0000734413,660.971920853176
0xb8c7d022cd06f5e77e568336fa3cc3b06433299f,0.0000289910,260.91901534962693
0xb8eae9f9127db4af769ec47d6339fea82789daf4,0.0000065230,58.70677845366606
0xb92f6e68bc67c2645b990438facc7645ad23896a,0.0000098218,88.39656198587083
0xb93119fbc995c7b438b1944ba128f398b8c8117c,0.0000202245,182.020741423424
0xb9744ea3d36b2ee72ef11aee390b7dd8c245891f,0.0000385370,346.83288154361907
0xb9c7895c8e1af78cd994d15f5128e6bf5f85463f,0.0000127041,114.3367361841844
0xba0d6d3245c87fd89a70435d72ac3728039bdfc3,0.0000021743,19.568926151222023
0xba272f30459a119b243c02f3adcfd2bfa210f480,0.0000000826,0.7435504110385595
0xba29faf969a0252bc58bab0c8b3d52b162470345,0.0000014496,13.045950767481349
0xba56f6da7b741cec307c30e5be80c04cd08e72e3,0.0000010926,9.833786578627919
0xba9b86d84a5406762a7cc0ba5e936417976a19b7,0.0000044918,40.42603439224662
0xbac241e35c68f1d73562792c2ae3f6de99bf584c,0.0000046287,41.65860416738895
0xbb1dddde618b5ad5446ebf590a454879337d5e12,0.0000001450,1.304595076748135
0xbb268b5778bf54ab715ee3c79d1da065574b38b1,0.0001702044,1531.8400144362465
0xbb49444efe86b167d1cc35c79a9eb39110dbd5e3,0.0000881587,793.4279814791422
0xbbd9d188441352896a3cdd52a019ecb3053de3c1,0.0000571936,514.7423380768208
0xbbf3e43681886f30835eb3ce8ec210b8ff16e85d,0.0000188442,169.59735997725753
0xbbf7bfc4d9acce27082613e2c14d9fe8d1a54a29,0.0000015119,13.606926650483045
0xbc5ec594509ed050f4a53eee85d92af6d2529b56,0.0000724775,652.2975383740674
0xbc5fba1fef0ba69e401cdf97197d75a5f9d9d4c6,0.0000164153,147.73735578922685
0xbc641f6c6957096857358cc70df3623715a2ae45,0.0002478290,2230.461338516614
0xbd076e704ec292d396ce663b085eb2809d397a37,0.0000149713,134.74138408446515
0xbd1f7d88c76a86c60d41bddd4819fae404e7151e,0.0000099718,89.7464356294327
0xbd2233c70bdd0cb0158506d10f578232f6a14f2a,0.0000002798,2.5178684981239
0xbdfa4f4492dd7b7cf211209c4791af8d52bf5c50,0.0000963936,867.5426800867422
0xbe09d4cd0025a5217626852b21576590e3a62d23,0.0000600660,540.5942281735842
0xbe61359a90eea3be6b8169ac2a098b0945e1d556,0.0000006386,5.747849415164088
0xbe843332e0a1d7476e10f42cfb5cda5b0bfaa614,0.0000032238,29.01419450687852
0xbf15bd159ae5b410c4b7d4ae0230fb81f2f21cf1,0.0004348660,3913.7936845028908
0xbfb469468dc76f84a7e03b97953a3fb411af0005,0.0000001450,1.304595076748135
0xbfe70e7279a9c8d8cf6c9dc41bec72e14d8ad04e,0.0000068006,61.205455823529505
0xbffdd785538b1633719ce8a95796eceb39364b02,0.0000001770,1.592687881916247
0xc01d5c4c8f1deb6b5ed5ee63cd6e37f581baabae,0.0000096878,87.1898538354207
0xc095ee11a9c4fa28ed26e07c602b4dcf8daf3ac2,0.0000008754,7.878518480443198
0xc0f48a9195b369e2c10e4ca175e44b9ec753ee54,0.0000028121,25.309144488913816
0xc149701eb565de8f94b9b7ef35e7017029cf1cb7,0.0000672549,605.2940215653529
0xc1efc49285eb5deda2ac887d613242475ed15048,0.0000236067,212.460255015441
0xc233397073b6901a69f91a60168e1bdb03fb9925,0.0000007282,6.553371013136886
0xc258f9ebdffec87cd89819deddf824288fdcb9d6,0.0004348650,3913.7852302444044
0xc2634b9d0a0cfb756cded34656e09828072a8a9b,0.0001449550,1304.5950767481347
0xc2a03d1f27b1735c98d6c46da76580e76df063b9,0.0000043705,39.33463007882739
0xc2e5329356eb06d97406260aea056891f8477c0a,0.0000067491,60.7416467165255
0xc342f7c195da20e55bb0ccef4474a6cfff31dd5b,0.0000014554,13.09883434844932
0xc34efe5150dc9cbd89ce3be1fbd2fb12ffc7af39,0.0000142273,128.0454149434684
0xc3598d91844b061195136600ad243b077cc164e2,0.0001986095,1787.4855141774894
0xc384ac6ee27c39e2f278c220bdfa5baed626d9d3,0.0001811938,1630.7438459351686
0xc3e3e913d837f47db17e2105debf60e767e009a7,0.0000173946,156.55140920977618
0xc3e9a2c9b19e4989e88654ba283dcd2f0e3bd150,0.0000001428,1.2852234510399907
0xc40163815512794b7a4b9afaf300b968f1da3af1,0.0000049268,44.3415295405029
0xc41dddd3fd3788e1021868434f0e9940af52a893,0.0000475873,428.2860316417554
0xc4590e9dbcf47cb55f50ec2a504c026866ed78c1,0.0000023845,21.460589012506816
0xc47c1ecd80810f6f2bf50aa9c2a580ef7978eb55,0.0000004188,3.768927254639052
0xc47e00aeb69c3fbdb79201270ded5a5066832a81,0.0000014657,13.191541348353118
0xc49ce8477ce94d2c8d9dc1019948a5ccebf85fee,0.0000002899,2.60919015349627
0xc4a639cba07bfbf4c0a2eef7fb441895af7bc807,0.0000180327,162.29422114789165
0xc4a6c6d69d95a4d36377e3b1b653c7f584709932,0.0000027846,25.061271424331668
0xc50193888fd7bd24de6e5a9eb1fb05b519a8d3f5,0.0000512692,461.4228994119062
0xc517f778a5faa933bbedb221b022482e05c68e89,0.0000002899,2.60919015349627
0xc53e7040ce1d891d59f67cd2dff36b32d4db1f80,0.0000014496,13.045950767481349
0xc55047ea36063718aa9e4d298c327b3905a663fe,0.0000094002,84.60175976218557
0xc62b361fdc14210da59b9f5c3ba7faa7d61893a4,0.0000104834,94.35098587842697
0xc6c77b16a85c3946e0bdfc71fdb7efd3d89359d0,0.0000101071,90.96394061354215
0xc6d85d3b70d30fe072a6351ac8b83e1cfc3fa99a,0.0000063137,56.82317275389983
0xc71d1c4a95784b2d203c3b885b216d3232d719c1,0.0000125222,112.69974731431697
0xc781b829aff316334fd732a8822ca27677872a31,0.0000295746,266.17120484105726
0xc7857556c226b0e61bb18eb8dd191be7e1ee8ad3,0.0000012920,11.628422822072553
0xc7da86dd7b5fef769e549bf71f7b6fb4b9af76b7,0.0001159640,1043.6760613985077
0xc7e1d8510968c63f41c668f23d35c709e94779ba,0.0000017424,15.681483277589951
0xc7f4cdb175b1885e95b8f49ccbbd3f929ab7d1ba,0.0000028991,26.091901534962698
0xc8a9556508ec672f7c4a1fa2a9edc0326525c310,0.0000043487,39.137852302444045
0xc8e2806a97413b5496a1ba6050b517cc98d0efca,0.0000361097,324.98767956872786
0xc8e660e80c403abc85fdc9593b3a04c8fbec186f,0.0000038413,34.571887248118045
0xc91502004bad692221d293b98c3cd8cc5e0b9025,0.0000016890,15.200759221267205
0xc9a238405ef9d753d55ec1eb8f7a7b17b8d83e63,0.0000016571,14.913795157877141
0xc9a4ddbc437d2dd5ea8a69b1d803122818a39a0a,0.0000028991,26.091901534962698
0xc9ecf35b2e63c9ac579f260d694e549565af3ba1,0.0000014496,13.045950767481349
0xca2cba2ad13eb32990b13b89d1a2b9bb103b0464,0.0000927712,834.9408491188063
0xca49ecb168c4be0c2ebf744cedf6c9f1d84ba854,0.0000299946,269.9510580854573
0xca4ad39f872e89ef23eabd5716363fc22513e147,0.0000077584,69.82591548404244
0xcada38b3d2e3d8714e783ae8c420b4024817e3e8,0.0000016053,14.448075000409023
0xcaf317cddf594659020ee8b85adb657c7ddc90f3,0.0000188442,169.59735997725753
0xcb11673592cc6c4b9584f33bbba6c6cf07dde3f7,0.0000088857,79.97167820466066
0xcb141ec01f35ab8a9394a4a9422ce65d73a89a26,0.0000603516,543.164042778161
0xcb4755ea7c0c05b6041c2a58f07bd922a37401fd,0.0022025334,19822.800353157207
0xcb49020852676a6020f89363d42ef7d860e32081,0.0000003407,3.066419304995654
0xcb9120133f6a19224059b9ed11d141b11d6439a9,0.0000144955,130.45950767481347
0xcbfc78d7e26c2ff131867ed74fa65572dad6fc90,0.0000526974,474.2768683478308
0xcc202930867769a83b61cf5053b65d1845e76aea,0.0000281983,253.78513397324494
0xcc52e4e272fdaa4863ade0aac23d8741ee4e2a07,0.0000041765,37.58890984018967
0xccf3a2fb95f9ba35043b3a60390e401ebc5bcb2e,0.0000217433,195.6892615122202
0xcd1883d83aed27a87cc7572eb8f9855a0bdd944e,0.0048487450,43638.7053172251
0xcd1979aff68edea19c7a8aadbe56d9fd1f3fbeb6,0.0005621486,5059.337457661288
0xcd9215398ce6992bdb381dec8c6250c98c10a1a8,0.0000016117,14.504879441808788
0xcdb7361e0793350be029f2b1139621597e4cb053,0.0000014917,13.424871403345735
0xcde3725b25d6d9bc78cf0941cc15fd9710c764b9,0.0000050734,45.66082768618472
0xce1c38525ab4e0ce292e983555f6fca023211701,0.0000003198,2.8781121582486633
0xce27ba6bd681920fad0d2dfd3bdceca63876e708,0.0000004137,3.722904856664655
0xced34c803f394dca295a2641c31c7fd01b60ffad,0.0000014820,13.338407057577875
0xcf87c7dfb05e943ba38f41f1f8a839015a1e26ef,0.0001140074,1026.0666370525614
0xcf8fc248fe5fb0fa34451e5f13695c27d0a06f41,0.0002032531,1829.2781787015463
0xcfb5f1a901814bdfb6b5e808c9eb940b9e07fd12,0.0003866181,3479.5629381363337
0xcfe304e05f6d7eaae0f6184839e0145a45c23392,0.0000075790,68.21062098425597
0xd000fa10efcdc734af5e4e3433ce0e75f220549d,0.0021853272,19667.944917547207
0xd0988045f54baf8466a2ea9f097b22eeca8f7a00,0.0000428588,385.729626342121
0xd0d3206c1da10448263450556a25748d84a06594,0.0000002470,2.222631069636254
0xd0e2dfd004a6789068620e900dd9a69f6d82fcb7,0.0000010771,9.693593928276469
0xd146ac8ddc2520dcc60674722e776728958f9c91,0.0000018662,16.796046149281253
0xd14a57df1dcc9aef3bcc9c391a791fc901540194,0.0000013185,11.86656667445145
0xd153c8d0f49403b533648c61a3b3b1c6b557f35c,0.0000210605,189.5446187007365
0xd157d6f9f904879d44d59bda39503da7e6bfa20a,0.0000082867,74.58033483412183
0xd18e09e4f5fa8c8e881f9dfcc52a3e6613561f1a,0.0000009258,8.332083011720172
0xd1b067580ad619b32cc06309012b6b46d506ed6e,0.0000408349,367.51395442133725
0xd24db0bfb387b0ed05f757e5f3b9ca1c59a82605,0.0000014496,13.045950767481349
0xd27d90b337717fd91c4d409f712b890d4ee2fdd6,0.0000159451,143.5054584422948
0xd2839cc657c9360d9655fe279d3b65ad85f63e46,0.0000001450,1.304595076748135
0xd29f3eb4760efde9a7fd508a564d9f9e338d1e5f,0.0000014496,13.045950767481349
0xd2a4f082a6e7b754ae11fe76616a6083de478c70,0.0000009352,8.417145303250802
0xd2d6d5368d77127d496a0e13ff232e52dbbb79f4,0.0000039252,35.32653790228357
0xd30f2888e7928b52ea5bf4cb1d323e0531afe272,0.0000072478,65.22975383740673
0xd31a3c076eabda08d3b31ed32da43bf1b2f6e4e5,0.0000014580,13.12218784526967
0xd3443514c851440060ad8dce2e6319066f88d9c7,0.0000015656,14.090706950292423
0xd3b2a586180c9e306b38848d31e82f9e17d76f0c,0.0000174271,156.84430766113368
0xd4ca6ff3dd02bab5036d217ff7f87e7dad6d9066,0.0000013014,11.712156722582709
0xd4e8ad52e6027ec0c6812dd175f1ecf196fb61ac,0.0000208370,187.5331940114062
0xd5a3e16c8f60edefed9ff0ed9ff82972d07e1d3f,0.0000047012,42.31085935783753
0xd606424168d1f6da0e51f7e27d719208dd75fe47,0.0000006477,5.828912387463963
0xd65370c5565f2bea121f3c22823233f98a4be793,0.0000028991,26.091901534962698
0xd6a6992c056cf121f99c14c524aad6d43ba290ab,0.0000003607,3.246119856860682
0xd73c8daa6957ab3221a5c83da29d2e3300f8998f,0.0000022723,20.450441044580735
0xd76ff76ac8019c99237bde08d7c39dab5481bed2,0.0000015714,14.142151748274106
0xd790d1711a9dcb3970f47fd775f2f9a2f0bcc348,0.0000164128,147.7151640859371
0xd7b37d847c0d6fb2eae580e7dfa30c0253f8ed93,0.0000022966,20.669351933879295
0xd7dc95f0a625ef25e0bcc7dc877f36ccc52943e2,0.0000372766,335.4893951394139
0xd813a52b1158fc08f69ba52ca72ca4360e255ba3,0.0000015409,13.867845665832672
0xd85872db2628c55591e7bfbe4349058b53facb97,0.0002689341,2420.406941085527
0xd87b52a2545064aa2fd7dc8ab7831e1e8d7f0bf6,0.0001449550,1304.595383619618
0xd8d462958fe3194cabb95d502f1ad7ddcf7e0558,0.0000083296,74.96636436560263
0xd8f6877aec57c3d70f458c54a1382ddc90522e7d,0.0000029504,26.5534112990456
0xd91a1d28569e494a1441b1709f46dc69d36c8c72,0.0000014496,13.04595078366694
0xd9a809b28074aaf1db121e6329ed64dea485e605,0.0003641995,3277.7951303296886
0xd9cfab54f1234aeea22b2818ab919866a2809c1c,0.0000446868,402.1809579062399
0xda15a089ce396c50fdc1c01afdb97c90ca9b0e68,0.0000028991,26.091901534962698
0xda2056a61124f73f59b7c86fec56d5b2b08c4228,0.0000001506,1.3557919547032846
0xdab15c1e08717c43233ed009e3eeb86e5071a1a0,0.0000016946,15.25153699917756
0xdaf93a6a56aec45f7b23aebd531177cc531133ef,0.0000042523,38.27107933345258
0xdb0b39341290a30510e46e7692195fe16097e0df,0.0000110031,99.02757638619622
0xdb25f693beceafebdf4eba481b57bb3ccac950ac,0.0000005989,5.390039470207478
0xdb4d88080ed478c729b07e23f8e0ccd1f57d3f9b,0.0000411240,370.1163425525128
0xdb541f100086ba51be7519b47c0ba0ce365bd983,0.0000115964,104.36760613985079
0xdbec81b4eab0b5234dbd9ff7c456bf750d7a9086,0.0000290356,261.3199736656528
0xdcdb53e8e1123baa64a0b7d3da13e360ca843797,0.0000031328,28.195418258538094
0xdcdd0a0cccc577777aceef2987f0b45b52b2dbf0,0.0000070134,63.12060630001024
0xdce7fe83d93e0ce9666c8cf0c674c3e11b6de07d,0.0000036239,32.61487691870337
0xdd421db3adb37cf735352cfee117997ecf26620f,0.0000033340,30.0056867652071
0xdd4a19dc351ba42421db282196af38b433aa86ba,0.0000054726,49.25373697054024
0xdde5b6f6bd7968221ad61c238e0b4d482837d666,0.0003504845,3154.3608671431634
0xddfd5a7b84af8abf7acf6d3938ebffdc8f2e7ecc,0.0000361518,325.3660121409848
0xddfe74f671f6546f49a6d20909999cfe5f09ad78,0.0013076935,11769.241910613937
0xde0aef70a7ae324045b7722c903aaaec2ac175f5,0.0000029174,26.25625107679681
0xde194bce96574ce8721f641552e8725508cfee87,0.0000021678,19.51051743458302
0xde2509cdd45e276bad2af5e2bbb40a4afa0274f8,0.0007009691,6308.722149415847
0xde30040413b26d7aa2b6fc4761d80eb35dcf97ad,0.0000127080,114.37241658636589
0xde7296fd03293adfa4d3f5fb7c0292713f6aaa0e,0.0002112579,1901.3213252632993
0xdeb08d04004ea00bb6898d19267f7d3399e2827d,0.0002102782,1892.5037822971892
0xdee31192d86a21422243d7c59c533aefaddf61c3,0.0000061260,55.13441020471491
0xdf631777df4debcbcd647e85bdcb868b43663ba0,0.0000047965,43.168791223996905
0xdf84b6941601d20e8b0a8fd787541709144e4c8e,0.0000041119,37.00689001549208
0xdfad0c01a28d9d95486bb3f0821e4f5644704fa7,0.0000014496,13.045950767481349
0xdfd9945e82ae729deabdb0c1d57a16fb884cad83,0.0000023131,20.81792926139758
0xe05875f287c028901798ac2dc8c22ba908b8ef36,0.0000186438,167.79438348929008
0xe090888a66e618a8f10cf1c6db7a74b1a4823cb4,0.0000297158,267.4419907333676
0xe0bc4dd07387b495cde6c39d8041fc0618fa9fcf,0.0000018460,16.61415868779422
0xe0c2b5e8d62d0afa5b86dd7020c2f0c51b567b30,0.0000138927,125.0345339289143
0xe0e67ff8ea9e23263384f5076b6afa79859fe985,0.0000005172,4.65466477432967
0xe19efaa0d37fa5e71f531fbe818c56593ab02b34,0.0003623875,3261.487691870337
0xe1bb99fa82a4eae7263eadcab5be266d187df6be,0.0001594505,1435.0545844229482
0xe1d1c5f48f708aa038aa6a9976308cd1d19d951a,0.0000054726,49.25373697054024
0xe230913d4aa79e7f9da2a1d3ea3b0bf7de9a7b51,0.0000028379,25.5407915478613
0xe26edca05417a65819295c49fc67272ab247d791,0.0000063857,57.47131988965197
0xe28e2846bd064e08e7a6a8fda27e8d6d51f087a2,0.0000031165,28.048794150084895
0xe2a82cdccbfa6ebf9817b0c4aed45264bd41fbec,0.0001071656,964.4907692700214
0xe2bbc8c2ef9636f0b1343c7568bd2cc8a417e707,0.0000390151,351.13586054307154
0xe2e1087d2b777a10a3d6f20385b10e133175ebf9,0.0000199445,179.5008736067431
0xe2f46cf35aa1077de5163867e1f73a97ef960590,0.0000014496,13.045950767481349
0xe2fbc567dedcfbf69018213a700f96a407cfab14,0.0000463856,417.47042455940317
0xe34e1fd01f5d2d5533a586941f22dc8d4894a0d3,0.0000014496,13.045950767481349
0xe34e2df841e5a6352b0ae8bd5a797544f11d7e89,0.0000534550,481.094938312132
0xe3afd4031a887c02e49e8465f00b79ba316b595e,0.0000014738,13.264356144942205
0xe3c9e09e49f75d7ec947484abf74579ea5aa0e18,0.0067992271,61193.04412009338
0xe4b6259ddbbced6fcdac61817c23e4785305d030,0.0000028991,26.091901534962698
0xe4f80b148e9d4f2c47ff5d25c6f4a5b0c44b10d5,0.0000243403,219.0624637657752
0xe58ce76deb798fd45fc4ecfb9a49f406e7ffc948,0.0017394601,15655.140920977617
0xe5928764b26b4dbd4f79a0d9c9441a3ba1c5fe10,0.0000041953,37.75766032625405
0xe5cb0018214662db80529bb0964094da3f441872,0.0000049860,44.87422763817055
0xe5fcc21baab8cce9bc8239c3152d3b4235d03c11,0.0000074806,67.32510770800172
0xe61cc9f9bff04e9f6824c0ab81648dced5dd4bff,0.0000001212,1.0909149315053723
0xe694574fff63e4333e76096ae42b5f7eb89dd679,0.0000018830,16.94669004695827
0xe6d2c5648990ddd4b3d1efb712f3b832194ebd7f,0.0000177766,159.98936486604782
0xe6e3a67bb7d8a3863dc7e25bf69ea3e631b0d763,0.0000001783,1.6046519444002056
0xe6fd97b1effcda6b946c3a4b9fe8ecdba2b7f05f,0.0000005610,5.049369711635877
0xe764889bad15254d663893e4f5117edd633f37dc,0.0000028991,26.091901534962698
0xe794d5984a278a5bcb84097aa93b350a7865e903,0.0000007118,6.406215114118925
0xe7c8712fc60b20693046c71e5012801eaafc7217,0.0000434865,391.3785230244404
0xe7d4d5aea169afcaa903bbf1f8bbb1e514645df7,0.0000001450,1.304595076748135
0xe7e21d548e8938209aa710ebd468dc02a9573fb3,0.0000289910,260.91901534962693
0xe7e7f922cfc016b96658b4a5dd26f59231f3c93e,0.0000071608,64.44686633185019
0xe835ca9b0e97e7bbe3d7e0db84a6926c0677a2fe,0.0000029152,26.236568083023297
0xe8dc757a6a164690556cff1851e536e06ee93346,0.0000107841,97.0564772180399
0xe8fc4188c56ddb766916d76d1eaca85d8b8efdb3,0.0000020953,18.857921834394286
0xe91f64ca1da165ca8437686b69a022156550837b,0.0047948914,43154.02215431164
0xe92d2a4255bc7e468d355644d24ec5d9ac6ef13d,0.0000265265,238.73820523278627
0xe965fbf5ce2d69da6b76d375638872a77880d62a,0.0000018452,16.60676278235643
0xe97ea3ca768c930f1e77f159153c945265bfee00,0.0000007248,6.5229753837406745
0xe99cecd03feeb99061d3562cac7c27166d7fb9c5,0.0000013626,12.263193721432467
0xe9d74e301555c60983074264ca62bfd7c6efc6f9,0.0000071608,64.44699679135786
0xea5e2ce63323d962556dcd3e8a6002293bc0caac,0.0000001535,1.3811600109249078
0xea67521ba195bf490a5664497fd7b6f5bc0685c8,0.0000000145,0.13045950767481349
0xea89139d7a424a46014d4a3a51504b4c93811888,0.0000007807,7.026733820054845
0xea8d287e23f1e005fa8bd3c9d1efae2c726db9a4,0.0042867433,38580.68943421397
0xeabf7dec6253f3ddbcb70a93fa9a5d6470f6cf74,0.0000014278,12.850131046461453
0xeac03ab059b522886a6f273bd96b26bd86a0b4a2,0.0001186058,1067.4526348203324
0xeb59580ff6b870b910f989f92d129958e8c3c861,0.0000015220,13.698231304117906
0xebf82644b69b2156edab189bae6e8f691350a5e6,0.0000858959,773.0631956468794
0xec1a7b584171258f849db18a6b2835a2f90de916,0.0000001450,1.304595076748135
0xec80b5494e873fd9a7c7bf2368d743b38eb0b9ea,0.0000652855,587.5697065120489
0xeca43946dbeeecf791cb8ff330f2d0c415934184,0.0000014496,13.045950767481349
0xecbbc62189b18902e9abe7236edfa7964f7e3381,0.0000094221,84.79867998862876
0xecf8d1fe232fa4ee868753baa3dec87d07797142,0.0000036302,32.67188772355727
0xed11c993cae7fc4aab522c9e3986b233657efc66,0.0000029758,26.78244797447202
0xed4a59031e82296ed0ce0e3e1bf0020a5570150d,0.0000015220,13.698248305855415
0xed9c851aadf96d4ff2fab2433bc4aa111babc15e,0.0003623875,3261.487691870337
0xedad9aaff8932605729c0331eb3b84adcc9435b8,0.0000466229,419.60617715954754
0xedc6a1f3e62671e6196d92ca81ec2b382bf1653d,0.0000002899,2.60919015349627
0xede4f636bc9ff333b01c26ba8a37d13b82e40214,0.0000015870,14.282863451647788
0xee07fc5f116fa4d73f13b80d4141594bc76e4d2d,0.0000029890,26.900750482546538
0xee1a62f0c6fa867a062e8d33bb6969db020969e5,0.0000043558,39.20223406948156
0xee420ec82033ac5350b6d633a02cdf3fccbbd273,0.0000037439,33.694690863854085
0xee4db7c0c2648cd9171d4217a1ae036d0cae0e75,0.0000159958,143.96206671915667
0xee7df7cd74e0c643710a1db9deeeb89b527f2f4a,0.0000086986,78.28731676052408
0xeea1cba569adfb4a4d12f65f2987e8c89c05a1e5,0.0010702434,9632.19073825297
0xef18d342fae9c175e02a4ab6ed3a7d63f2255ac1,0.0000016670,15.00284338260355
0xef6fe9c9b351824c96e5c7a478c1e52badcbaee0,0.0000159451,143.50577586355365
0xef764bac8a438e7e498c2e5fccf0f174c3e3f8db,0.0036281123,32653.010260869527
0xefe375bf2c594155d2924015acb9a121431a91e1,0.0000915401,823.8608029488139
0xf01670d1c89b3b33b1e2c4329f57e8823c0a6e9b,0.0000015400,13.860106293388718
0xf067a77ed156f328982f0b927e0e9659bd4c144a,0.0000413484,372.13552917353695
0xf0772eb66bdb39a953273ab1f8a5a086db247d3a,0.0000072478,65.22975383740673
0xf116569b3f888d639372a5485685a6d8ee28a593,0.0000058168,52.35093046100874
0xf13b15bded269c9a6b6ea62a0ac61387113e1990,0.0000303936,273.54249393903393
0xf14b1a6098036cb4f3d867b0145785f98c998988,0.0025089364,22580.427800320507
0xf17fad1fc969136311150d06791e6ce891e25277,0.0000043107,38.79587016905802
0xf1de039511edace08039eca8d88c1d43e3381f6d,0.0000000562,0.5061660007681292
0xf2327b04521589f505c7074c163805843a4bd6cd,0.0000251576,226.41854892472475
0xf286e07ed6889658a3285c05c4f736963cf41456,0.0000055761,50.18457387533731
0xf2b7c53c0e91cb2a7c74528e0e032dbe9b25f116,0.0000014496,13.045950767481349
0xf2b8c142edcf2f3cc22665cce863a7c9a3e9f156,0.0000724775,652.2975383740674
0xf2e563f6fbf25cf23dbe57d25287e10339ad3b6f,0.0008697296,7827.566343617473
0xf2ead634b64a36a975d3388365d180f1d0439db6,0.0000043487,39.137852302444045
0xf36700ff798394c4a58fe861a4661f5489d90735,0.0001448680,1303.812319702086
0xf3db5dbb73694583d6d42fb050de15b818e4e428,0.0000108716,97.8446307561101
0xf41f984ed5e4002c08d9da82e4c96c93304222c2,0.0002630530,2367.476632172618
0xf4613132baca9aabe16a04ed388e9efcf3972475,0.0000126885,114.19670214785339
0xf476f2f78a4b800f61fe5a2dde49cd8c03d63c7a,0.0000008943,8.048648174067223
0xf5375b04d32b553a8813de3ce76ea625803c60f7,0.0000057982,52.183803069925396
0xf54ec034555fd6bd9b0161d13e6608b7591b0ee5,0.0000036239,32.61487691870337
0xf56d16f0e9539a4c14818fb3c8ace0a4154c7746,0.0000173777,156.39916296431966
0xf597691d349968e389a24e9f8594d164f99d7787,0.0001189895,1070.9054068770524
0xf5b4635f3858a2bc80a17bd4450e05a35ad99a72,0.0000096919,87.22685649723664
0xf5c063c58670b27e6a9fa97a20dc5bbbc493dcb3,0.0026995928,24296.335147031168
0xf5fd8041169f8b222ed70b4ebb90a9657264cb26,0.0000034181,30.762677405454212
0xf61397e4b0ff46e78b34d5f72b49b4d46e8c96dd,0.0000019859,17.872952551449448
0xf6262371dc53b2d8f96bfdf807a4b6e375aa69f2,0.0002144432,1929.9891894108996
0xf627e5f4bad95a956468d8bb6ee20b119f992e96,0.0000871523,784.3705847965076
0xf64c2e6679e089cd1c3e303ca1245d4941747700,0.0057982003,52183.803069925394
0xf674eb4ae5988df306cace228e40139cc216198d,0.0000012691,11.421450347178174
0xf7030ee79d6d8176caba07b0f8dcb4a40d029b11,0.0000028991,26.091901534962698
0xf70acf5136e01182d480de48b97608d134be0c8c,0.0000103532,93.17909903198229
0xf728d573f0e5441dcc37a63f819aa960e7337dce,0.0000013912,12.5210468154834
0xf72d580a01163b6012ae7623df7621d75083913f,0.0000029136,26.222361042637505
0xf7838c101dd142abff1b612bd4da21b21e43721f,0.0000746485,671.8363761327605
0xf78cd306b23031de9e739a5bcde61764e82ad5ef,0.0000130460,117.41355690733212
0xf797485cc069a3910cd5d0eb5e168eeb9e8b8b1b,0.0000014758,13.28248620990816
0xf7b10d603907658f690da534e9b7dbc4dab3e2d6,0.0002899100,2609.1901534962694
0xf7c723473ce30a8dcc20d195c705473b1746ca97,0.0000143969,129.57238302262476
0xf857e5e1554e0ecf2a2a3581bbc777d95c5264bd,0.0000007138,6.424126214775468
0xf85cbce2f34ccf3aa28566b7c4286e2300cd8d89,0.0000014528,13.074767840605187
0xf9107317b0ff77ed5b7adea15e50514a3564002b,0.0000145089,130.5800280572507
0xf911f24d3033e6e0948020ace70c003943d3a92e,0.0000043487,39.137852302444045
0xf91ae60703c8be0b12706f810a459f9b61f199cf,0.0000025544,22.98999430878682
0xf938fd5535354748c323d9b1ecc833769b14ccbc,0.0000010376,9.338473293542334
0xf955151cdb077ae78694a300e0cbb2f4cfb98bc8,0.0000145571,131.01347472177633
0xf972bf8592c3171b378e97bb869a980c3f476583,0.0000429182,386.26413476212025
0xf977bf5f5ccb1bfd868bd95d563294494f0d5d89,0.0000054717,49.2450792085204
0xf9b6a8b66f91e239a66f4c396af9574f874d080a,0.0000956703,861.032750653769
0xf9e27dfc8541c2767a38abeb32502d4ac192f6e0,0.0000028991,26.091901534962698
0xfa125816b3884da3c8886160849499e1f3cfd1a5,0.0000174602,157.1421034379145
0xfa2167f72e23d818637e265de1351ff26f1b2589,0.0000020630,18.566749342940092
0xfa360f1f62c6c61e8a7da598f53fb56c11a1c0e6,0.0000002062,1.856039210831352
0xfac964684c3a72b0485e42a78eac5f78428c4af0,0.0004348650,3913.7852302444044
0xfbf574892665bba1279e971268590cc6266aa1a0,0.0000024347,21.912158360088593
0xfbf784c8178df8857fde1b4b1e14870fd345f693,0.0000144955,130.45950767481347
0xfc179549d061fbcec93bcdaabed4f41cb1ae8c56,0.0000019380,17.442436176122563
0xfc1d3399102956f37a9dd17898688ba4e2aa19e2,0.0000011882,10.694174620905388
0xfc205fb2d0a27e8258fa707adabaf2f1597c03f4,0.0000001450,1.304595076748135
0xfca5bdce638fb8b80438bdb41f5cedcaa8893bc7,0.0000075484,67.93559509293932
0xfcba2b176dbee8d89e7114061fbeced92fe9f5db,0.0002479598,2231.638095595101
0xfcfa4369eaa965ac4e36f1dd9fd2852c6542b0f7,0.0000000029,0.026091901534962696
0xfdb3e523fc6f0d93fce8e57e282c503c5384d08f,0.0000014802,13.322122722090137
0xfe13988736d95d052c2e45e5b4e1ef2e2750b7f4,0.0585670676,527103.6083698267
0xfe277aa25a4f65a182c0ec135854794eb7131e79,0.0000043487,39.137852302444045
0xfe35e15be885750d9b2363cbb6abdd57ac9c4c40,0.0000014496,13.045950767481349
0xfe476715394f7fe7a1add0bc5b45c9d6de40d5d4,0.0000066186,59.56782909344294
0xff26ccf9058b9bd8facfb6a8876864fec193285d,0.0004322644,3890.379457606652
0xff52227c583efd2b77dcb1cbbd56f3e1edc7b68b,0.0008697301,7827.570460488809
0xfffefd6e5d65c1bb132646ec844c6a8f48190619,0.0003710848,3339.7633964752254
